hashtags,count
#2NE1,3
#musicLover,1
#IBMCloud,2
#flexrecordingstudio,1
#Hottest,1
#VanessaBorn,1
#happychappy,1
#yyjevents,1
#LittleLionMan,1
#MBAMBADU,7
#misheardlyrics,1
#Indie,2
#family,1
#beautiful,2
#Waiter,1
#friend,1
#recuseimita√ßoes,1
#airbnb,1
#B√òRNS,1
#ChickCorea,1
#drumfam,1
#MTV,2
#BehindtheScenes,1
#Derni√®re_Minute,1
#BFWmorocco,1
#caen,1
#Trends,1
#proud2bMPS,1
#moon,1
#vozavoz,1
#IStandForMercy,1
#mood,1
#Positive‚Ä¶,1
#management,1
#eldesmadritodeminovia,1
#Podcast,1
#LearnByDoing,2
#instalike,2
#TrafficRequest,1
#fiert√©,1
#rehearsal,1
#black,3
#MIDWEST,1
#parisienne,1
#TheDailyShow,1
#RER,1
#DarkAmbient,1
#lithography,1
#instapic,2
#SpringBreakEdition2K15,1
#instagay,1
#PatrickYoungerPhotography,1
"#Empire,",1
#deal,2
#texanbrag‚Ä¶,2
#Photography,1
#grits,1
#ColoursofJabong,1
#IndonesiaTulen,1
#paris‚Ä¶,4
#sunrise‚Ä¶,1
#DontVisitBCN,1
#instago,1
#HWHotMinute,2
#PHP,1
#beard‚Ä¶,1
#Work,1
#ExpandYourCircle‚Ä¶,1
#motorshow,1
#tiesto,1
#arts,1
"#Music,",1
#advantage,1
#love‚Ä¶,1
#edcmexico,1
#StoneMondays,1
#DateNigjt,1
#Magento,1
#blues,1
#DumLagaKeHaisha,1
#musicology,1
#GoodMorning,2
#cantwait,1
"#Mahout,",1
#VSCOcam,2
#thedress,1
#HOCS3,1
#foodpics,1
#WhoIsFancy,1
"#TurnYaSneakUp
üëâhttp://t.co/xuWOW2sSmNüëàx9",1
#ipad,1
#QuissyUpSoonüî•üî•üíØ,129
#UptownFunk,1
#beachglass,1
#MUSIC,8
#myfriend,1
#goodvibration,1
#igersfrance‚Ä¶,1
#Notr√®Dame,1
#iHeartRadio,1
#merhonpaint,1
#study,1
#lunch,1
#outlast.,1
#G5,1
#PositiveVibes,1
#mahool,6
#tunnel,1
#nyc,3
#SundayBreakfast,1
#RealRadio,2
#Bournemouth,1
#lamatakjumpa,1
#guitarlove‚Ä¶,1
#SIGUEMEYTESIGO,1
#immobilier,1
#vine,1
#Country,1
#USC,1
#judgeme,1
#roots,1
#lemon,1
#nowplaying,13
#tattoo,5
#mcm,2
#photography,1
#Malta,1
#LoiSant√©,1
"#LetTheRoad,",1
#PositivityPrevails,1
#FashionWeek,1
#cplusplus,1
#MUA,2
#zioncymbals,1
#African,1
#MissThatLittleGirl,1
"#Houston,",1
#Dise√±oDeProduccion3D,1
#TeamBlake,1
#Hyperbole,1
#WeekTwo,1
#DemiPension,2
#TGOD,1
"#guitar,",1
#newyorkcity,1
#pumpdragon,1
#stl,3
#noteWorthyComposer,1
#cotwoldsvillagenn,1
#GODFLAVOR,3
#newlife,1
#KCA2015,1
#theme,1
#MMAwards,1
#Evaluation,1
#nauc,1
#remix,1
"#bands
http://t.co/j7VIqfGTMh",1
#Eropa,1
#IGGL,41
#singing,2
#raw,1
#DoWhatYouLove,1
#competition,1
#cooked,1
#TheMoreYouKnow,1
#Savannah,1
#editorial,1
#Dubsmash,2
#aruba,1
#Yawn,1
#InstaSquare,1
#eastwood‚Ä¶,1
"#Indie

@Tyeleez",1
#GapailahMimpimu,1
#WorthIt,1
#sambaarte,1
#korea,1
#CNSB‚Äôs,1
#tastam,1
#school,4
#vsco,5
#ElSuperShow,1
#pizza,1
#dj,2
#kitchenwindowview,1
#Spain,1
#DeFiestaEnFiesta,2
#„É≠„Ç§„Ç≠„É†,1
#sistahood,1
#Levels,1
#souvenirs,1
#organswag,2
#jimmyeatworld,1
#chat,1
#theguitarstore‚Ä¶,1
#7PillarProductions!,1
#iloveyou,1
#cmj,1
#ÎÑàÎäîÎÇòÎßåÌÅº,12
#PartyCity,1
#cosmic,1
#tambora,1
#VH1Top20,1
#Twitter,1
#LoveStory,1
#Microsoft,1
#Christian,1
#EDM‚Ä¶,2
#BlindAudition,1
#LaClass,1
#Canada,4
#teatrometropolitan,1
#max20,1
#NO,1
#Fact,1
#zoolander,1
#RT.,14
#hanmade,1
#BrainGames,1
#LastCity,1
#awesome,1
#LGA,1
#Maurice,1
#Pisces.‚Äù,1
#paname,1
#score,1
#SoundHound,6
"#enticing,",1
#OrlandoFl,1
#„ÅÇ„Å£„Åè„Çì,1
#hopeitscomingsoon,1
#best,2
#YeezySeason,1
#fess√©e,1
#bestie,1
#share,2
#DataQuality,1
#badbitcheswhowefuckwith,1
#violao,1
#QuissyUpSoonüî•üî•,1
#artist,2
#fans,1
#TheRockOutKing,1
#TourAlbumBergerak2015,1
#EDC2015,6
#cantwaitforthis,1
#maxlovesparis,1
#timehop,1
#twins,1
#danger,1
#sky,1
#RnTlive,1
#goodtunes,1
#movie,1
#competitive,1
#milano,1
#Jobs,10
#parigi,2
#Shisha,1
#Directioners,1
#OUvsISU,1
#like#Lifestyle,1
#Abiballkleider,1
#DanielPennac,1
#NotreDame,2
"#uffminimal

#Music‚Ä¶",1
#Dubai,1
#passion.,1
#memories,1
#pavilionbournemouth,1
#GodMoneyWar,2
#Follow,1
#DusunBambu,1
#artforsale,1
#SharpieThemeSongChallenge,1
#SahabatNeverGo,1
#Visually,1
#vempraDiamond,1
#weather,1
#sibelius7,1
#lhh,1
#saxo,1
#boom,1
#productivity,1
#afropop,1
#MilesDavis,1
#Lambo,2
#JR,1
#amp,1
#Saga,1
#ShankarMahadevan,1
#argentina,1
#Southafrica.,1
#Boomer,1
#Sunrise,1
#NikmatnyaHitsJUARA,1
#University,1
#fla,1
#LivePerformance,1
#IT,1
"#TurnYaSneakUp
üëâhttp://t.co/xuWOW2sSmNüëàx20",1
#Bollywood,1
#ROADBOYZ,251
#rocknroll,1
#research,2
#cantmakethisup,1
#Style‚Ä¶,1
#PhotoOfTheDay‚Ä¶,1
#electro,1
#warondrugs,1
#Headphones,1
#VoteOneDirection,1
#Quotes‚Ä¶,1
#Marlo,1
#SPECIAL,1
#BET,2
"#So
http://t.co/ZzjMF8aGob",1
#March10th,1
#2015,1
#BigData,10
#famous,1
#Vegas,1
#simple,1
#sinceresultan,1
#TMOM,1
#everysingletime,1
#BonPlan,6
#focus,1
#ScottHardkiss,1
#ONELOVE,2
#culture,1
#LivingForLove,2
#photolove,1
#perrito,1
"#SoundCloud
http://t.co/akLwefT4RN",1
#Oasis,2
#CurrentlyVibingTo,1
#leather‚Ä¶,1
#Cookie,1
#lovesongmedley,1
#np,12
#ABD,1
"#music""",1
#jamming‚Ä¶,1
#instatravel,1
#pephen,1
#CEBCareers,1
#train,1
#Iran,1
#protoolshd,1
#DBSSparkingJoy,1
"#SoundCloud
http://t.co/Eh56WmPHb0",1
#Education,2
#Rixton,1
#PGE,1
#insta,1
#art,27
#soul,1
#play,1
#annoying,1
#listentothemusic,1
#momoclo,1
#wreckboy,1
#Np,2
#SPZRKT,1
#Producer,1
#ThotAnthems,1
#Aarambam,1
#protools,1
#coffee,3
#latergram‚Ä¶,1
#Ireland,2
#bw,1
#Php,1
#notredame,1
#Badass,1
#Ìù∞ÏàòÏóºÍ≥†Îûò,1
#N(„Éè„ÉÉ„Ç∑„É•„Ç®„Éå)„Å´music,1
#CASIOKEYBOARD!,1
#machinelearning,1
#callmeaduck,1
#produccion,1
#kineticcathedral,1
#martinsBBQ‚Ä¶,1
#weeaboo,1
#me,3
#MyLife,1
#ChildhoodObesity,1
#supportingact,1
#manitoba,4
#SIA2015,1
#madatmidpacific.‚Ä¶,1
#Miami,1
#ZoyaMusic,1
#bi√®res,1
#independent,1
#JessieJamesDecker,1
#TandiImanDupree‚Ä¶,1
#uploadforfunaja,1
#piano,4
#Fun,13
#15secondcovers,1
#fineart,1
#WakeUpandHearMe,1
#goth,1
#TB,1
#ShareIt.‚Ä¶,1
#puertorico,1
#bluewiremedia,1
#WaitingForThisAlbum,1
#sun,2
#thankyou,1
#IAEA,1
#cymraeg,1
#news,5
#Hookah‚Ä¶,1
#SabineWeiss,1
#swerve,1
#solomemay1st,1
#CDG,3
#sc2fla,1
#screening,1
#feminasverige‚Ä¶,1
#Snapback,1
#newyork,2
"#SoundCloud
http://t.co/JPSpP959it",1
#bridge,1
#SilentDisco,1
#sofr√™ncia,1
#adventist,1
#follow,1
#handstand,1
#mg12xu,1
#sudwerkbz,1
#HBU.,2
#itch,1
#calendar,1
#chamber,1
#reading,1
#awesomeworshipmusic,1
#hashtag,1
"#Music
http://t.co/XUgFIHSLxk",1
#Magic,1
#allmix,2
#LukeChore.,1
#nickjonas,1
#mixing,2
#Sheppard,1
#futuredatascientist.,1
#AdlWW,1
#NewMusicMonday,1
#just,1
#tb,1
#trancefamily,1
#indiemusic,1
#Pioneer,1
#Majorque,1
#LNB,1
#CandraLagiLesBro,3
#PureLove,1
#oldestoneshere,1
#zen,1
#SanAntonio,1
#FactZ,1
#disney,1
#RZA,1
#gayteen,1
#love,29
#A86,1
#socialmedia,2
#MsetoCrew,1
#SoftLayer,2
#datascience.,1
#Paris‚Ä¶,1
#heaven‚Ä¶,1
#NHHScheer,1
#showcase,1
#orlando,1
#GibsonGuitar,1
#flore,1
#Jazz,1
#Asian,12
#yyc,1
#passpo,1
#Skate,1
#sick,2
#occasion,1
#throwback,1
#MuchLove,1
#songoftheday,1
#Woman,1
#yum,1
#F14,1
#ifeellost,1
#vibrations,1
#red,1
#littlenapcoffeestand,1
#arthistory,1
#SicklesRocks,1
#milwaukee,1
#SA,1
#Schubert,2
#photoshoot,1
#PERFECT,1
#MirrorPopMusic,1
#WhitneyHouston,1
#customized,1
#iHeartAwards,18
#AllInClusive,1
#rapper,1
#bandswag,2
#NoInnovation,2
#groovy,1
#WorthTheWait,1
#Aaliyah.,1
#mistairfx,2
#requin,1
#H2O,1
#ZoyaZipova,1
#Truth,1
#Azure,1
#aroundmystudio,1
#edcmexico2015,1
#hiphopmusic,1
#FKYOTEAM,2
"#SoundCloud
http://t.co/HouTqvoXCu",1
#FUN‚Ä¶,1
#avid,1
#MombasaNightLife,1
#Farthest,1
#sneappeak,1
#skynews,1
#Torquay....,1
"#ETFLOOD1
BEST",1
#style‚Ä¶,1
#GareduNord,1
#NoIDontHaveAProblem,1
#CADoahuTakeover2015,1
#electronic‚Ä¶,1
#analogisnotdead,1
#WWERaw,1
#rehearse,1
#canada,1
#mehronpaint,1
#louiferry,1
#maxpezzali,1
#celebration‚Ä¶,1
#HBO,1
#radar,1
#GrowingPains,14
#bonjour,1
#alternative,1
#likes4likes‚Ä¶,1
#ON,1
#CountryMusic,1
#dream,3
#WWE24,1
#sing,1
#redLip,1
#Malaysia,1
#bass,2
#crew,1
#Sigh,1
#recovery‚Ä¶,1
#BusinessMgmt,1
#NativeLanguages.,1
#BANDSLUTS2,1
#Disneyland,1
#Listen,13
"#TurnYaSneakUp
üëâhttp://t.co/xuWOW2sSmNüëà",2
#dutyfreeshopping,1
#mystery,1
"#2007

Now",1
#Pyeongtaek,1
#Empire,2
#RTR,1
#agricole,1
#9thWonder‚Ä¶,1
#UIS,1
#RDU,1
#incroyable,1
#Facts,1
#sapb1,1
#newspapers,2
#production,1
#xfactornz,1
#menstyle‚Ä¶,1
#kolkata,1
#electromusic,1
#instafood,1
#GTMDROPGANG,1
#Lawson,1
#HausderBraut,1
#VICE,1
#Oscars,1
#Writers,1
#herrera‚Ä¶,13
#ProjectMgmt,1
#RT,8
#instacollage,1
#PlanetaDeAgostini,1
#TTW,1
#concerts,2
#Tampa,1
#lace,1
#BKNvsGS,1
#BK,1
#effects,1
#shaniatwain,1
#JUSTASIAM,1
#cafe,2
#WhereMusicLives!!,1
#≈üekiller#paris#yoye,1
#CedricNunley,1
#I,1
#ZitherJello,1
#GoodFriday,1
#djs,1
#virginia,1
#TeamOL,1
#IthinkIJustPeed,1
#timeless,1
#unsignedartists,1
#arnaque,1
#rnb‚Ä¶,1
#AskCam3,19
#freshlysqueezed,2
#greatguys,1
#IowaState,1
#headline,1
"#Stillwater,",1
#pvj,1
#ArtistAloud,1
#G515,1
#onlineshop,1
#Acuarelas,1
#internatioal,1
#OfCourseItDid,1
#misophonia,1
#swimming,1
#waiting,1
#youtube,2
#Showtime,1
#GOAT,1
#Lobster,1
#bmzada,1
"#TurnYaSneakUp
üëâhttp://t.co/xuWOW2sSmNüëàx5",1
#littlewing,1
#Shield,1
#EDC,1
#goodvibestuesdy,1
#abeliabigdata,2
#marketers,1
#Repost,4
#parte,1
#weezer,1
#BRANTLEYGILBERT,1
#nowadays,1
#TagsForLikes,2
#RawThentic,1
#Happy,1
#Lhhny,1
#shoopshoop,1
#beach‚Ä¶,2
#summer,2
#tired‚Ä¶,1
#KelsieMay,1
#livingforlove,1
#ReignOfRock,1
#EDM?,1
#opera,1
#shdragons,1
#sunshine,1
#√©norme,1
#FW2015,2
#songs,3
#thankful,1
#Deep,1
#Relax‚Ä¶,1
#RebelHeartTour,3
#MondayNightRaw,1
#buildings‚Ä¶,2
#Youtube,1
#theatre,1
#GoodTimes,1
#indiegogo,1
#mylips,1
#partyhard,1
#supportyourscene,1
#buonagiornata,1
#brand,1
#R√©publiqueDominicaine,1
#HeffronDriveMusicVideo,1
#mixcloud,1
#cr√©atrice,1
#steak,1
#mybraintech,1
#vintagepiano,1
#Vicenza,1
#gestapo,3
#Salute,1
#glow,1
#acheteur,1
#50thanniversary,1
#VoteFallOutBoy,1
#vscocam,3
#RumBullions,1
#france,5
#clapton,1
#musicvenues,1
#HWbekabar,1
#viajeros,1
#Game,1
"#TurnYaSneakUp
üëâhttp://t.co/xuWOW2sSmNüëàx11",1
#AMBER(@llama_ajol),4
#cbc,1
#kzedieguinn,1
#Mesh_Maakoul,1
#TranceFamily,1
#official,1
#joejoenas,1
#latepost,1
#BlindsContinue,4
#parisphotographer,1
#LymeLightReturns,1
#outfit,1
#beats,1
#classe,1
#MWCapital,1
#RNT,1
#FW15,3
#boho,1
#Futuremusic,1
#mugshot,1
#mrjohn,2
#preproduction,1
#soulection,1
#reminisce.,1
#stripped,2
#instamood,1
#festival‚Ä¶,1
#StickyMikesFrogbarBrighton,1
#galaxy,1
#geronimo,1
#bombsaway,1
#decorateyourhome,1
#instagram,1
#instacool,1
#beef,1
#BesosEnVuelo,1
#gigs,1
#gaysandiego,1
#unimelb,1
#limiter,1
#openmic,1
#oops,1
#concours,1
#BigShotUp!,1
#Paris.,2
#OnThisDay,1
#jbtv‚Ä¶,1
#DubNation,1
#Festival's,1
#composer,1
#muybien,1
#MADRUGA,1
#bands,2
#PointOfNoReturn,1
#Deaf,1
#edm‚Ä¶,1
#todo,1
#ELHeat,2
#Sf,1
#costes,1
#ZDF,1
#futuredatascientist,1
"#Producers
#Beats",1
#sittingbourne,1
#pinixmusic,2
#musician,3
#fashion,4
#cool,1
#Summer2015,1
#Lyrics,1
#Mantap,1
#instavid,1
#BBE,1
#carnival,1
#SupportLocalMusic,1
#UK,2
#MalcolmX,1
#england,1
#papoDeAtleticano,1
#myfav,1
#Priceless,1
#rap,2
#dataviz,1
#singing‚Ä¶,1
#LifeIsNothingWithout,1
#AbuDhabi,1
#community,1
#Analytics,1
#imout,1
#Literacy,1
#BCN,7
#video,4
#singer,4
#ComingSoon,1
#NY,1
#wmc2015,2
#Tenerife,1
#Relaxed,1
#SIMA2015,1
#DASE,1
#WHMPhotoChallenge,1
#ShawnOnBBCR1,1
#Manchester,1
#GreenTea,1
#MusicFlow,1
#m√≠dia,1
#vote5sos,12
#happy,3
#toureiffel,2
#fresh,1
#Melbourne,1
#suninn,1
#kissmeinparis,1
#J-R&B,1
#Best,1
#saysomething,1
#beyondthebarricadetour,2
#vinyl,2
#fabulousvegas,1
#Lit,1
#Fallapart,1
#viroaddict,1
"#creative,",1
#MWC,6
#MySpark,1
#indie,5
#cute,2
#REPLAY,1
#LadyLake!!,1
#StraightOuttaCompton,2
#RADIO,1
"#Mixtape
#HipHop",1
#SharingEconomy,1
#bless,1
#frankandlolamovie,1
#europe,1
#liveforfestivals,1
#FullMoon,1
#edcmx,1
#disneyworld,1
#Shows,1
#AnotherDayAtHyattCDG,1
#lol,2
#InventForBetter,2
#kellyclarkson‚Ä¶,1
#gestapo!,1
#dvmusis,1
#Sea,1
#Dopelecturers#doperaplyrics,1
#fotografi,1
#radio,4
#Drums,1
#passionpit,1
#Rap,6
#mixes,1
#starbucks,1
#iT√¥nicos,1
#spring,2
#gross,1
#nuggets,1
#nostradamus,1
#NP:,1
#LovesofMyLife,1
#Music...,1
#abr‚Ä¶,1
#bayarea,1
#costume,1
#eyedrum,1
#gamergirl,1
#gaming,1
#Sgantsontso,1
#Holiday,1
#rixton,1
#proudparents,1
#InstaSize,1
#TheTemptations,1
#LA,3
#musicmakestheworldgoround,1
#hellokitty,1
#Phase10,1
#cheves‚Ä¶,1
#dww,1
#Happiness,1
#white,1
#Vote1DUK,1
#Okkanmani,1
#IoT,7
#inspired,1
#tns,1
#electronic,1
#Ìú¥Î®ºÎ†àÏù¥Ïä§,1
#PSG,1
#whenwordsfailmusicspeaks,1
#salon,1
#shbucks,1
#–∫–∞—Ñ–µ_–°–µ–õ—è–í–∏,1
#rapmusic,1
#saga,1
#instashot,1
#Paris?,1
#noticeme,1
#kca,9
#musiclover,2
#nightlife,1
#ofmForum,1
#m√©decins,1
#YFM,1
#PR,1
#Love,3
#riosena‚Ä¶,1
#musica,3
#welcome,1
#melody‚Ä¶,1
#ManchesterGorilla,1
#chantilly,1
#UsAgainstTheWorld,1
#notsleeping,1
#wakeup:,1
#TeamMut,1
#YouTube,1
#funfacts,1
"#TurnYaSneakUp
üëâhttp://t.co/xuWOW2sSmNüëàx15",1
#TheFollowing,1
#whiskeyinabottle,1
#vscofilm,1
#TheBest,1
#Wiggle,1
#afterwork,1
#EiffelTower,1
#Masterchef,1
#industry,1
#carlinhosbrown,1
#DoubleTap,1
#bonnejourn√©e,1
#intense,1
#Luxuar,1
#Rachmaninov,1
#Download,13
#fitness,1
"#Music...

#ChetFaker",1
#musicindustry,1
#FishSkale,2
#yourmusic,2
#Montmartre,2
#SJSharks,1
#beaut√©,1
#church,1
#macbook,1
#Indo_Hitz,1
#MRT,1
#InAzkaban,1
#MadeInRDG,1
#demands,1
#rock,2
#History,1
#eiffeltower,4
#Bigdata,1
#happy‚Ä¶,1
#PerkGang,1
#allcore,1
"#IoT,",1
#LAHIapparel,1
#MusicMondy,1
#rehearsals...#music,1
#yyj,1
#yyjeats,1
#saintlaurent,1
#Djerba,1
#body,1
#Acoustic,2
#edm,16
#roykim‚Ä¶,1
"#Paris,",3
#Growing,2
"#TCS""",1
#nairapark,2
#Out100Bachelors,1
#BrokenLittleSister,1
#Chicago,2
#2Day,1
#PierdoLaCabeza,1
#KID,1
#sunny,1
"#SoundCloud
http://t.co/fX0SRLG9u2",1
#KylieTattoos,1
#AlexanderLewis,1
#ListenNow,1
#–∫–æ–≤—Ä–æ–Ω–∞–≤—Ç—ã,1
#t√©l√©coms,1
#detroit,1
#YTMA,1
#JoyToTheWorld,1
#ImBecomingMyMother,1
#blessed,2
#sautesmines‚Ä¶,1
#TheLouvre,1
#Radio,3
#TweetMyJobs,8
#takemetoRio,1
#IrantalksGeneva,1
#Bigbang,1
#DesiHiphop,1
#vMKO,1
#weselfie2015,1
#ladygaga,1
#lifeofanaviator,1
#Randirobics,1
#bodypainting,1
#gold,1
#Sarafina,1
#algomusic,1
#kiss,1
#hackney,1
#party,1
#Friends,1
"#TurnYaSneakUp
üëâhttp://t.co/xuWOW2sSmNüëàx17",1
#live,11
#Sydney,3
#Israel,1
#noflow,1
#Programme,1
#GOTS,1
#salesjobs,1
#FunNFresh,1
#Iphone,1
#Dream,1
#GoodVibes,2
#baixo‚Ä¶,1
#picasso,1
#YTMA2015,1
#1,4
#kent,1
#Auntiedonniesue,1
#RenegadeAward,2
#WestCoast,1
#OrjanNilsen,1
#AICcheer,1
#movingonup,1
#BigHero6,1
#BGNATION,1
#TuneIn,1
#OurGreatLifeboat,1
#christianrock,1
#medabased,8
#TexasIndependenceDay,1
#photo,2
#LoudAzzMusic,1
#delicious,1
#ElectricDaisyCarnival,1
#NeYo,1
#fashionpolice,1
#unsigned‚Ä¶,1
#plurlife‚Ä¶,1
#Djsylk,1
#DC,1
#Stoher,1
#HiFi,1
#BeyondTheBasics,1
#Denmark,1
#Bachelor,1
#diva,1
#organist,2
#üò©,1
#dontsleep,1
#sant√©,1
#Tolberts,1
#Sun,1
#PacarKhayalan,1
#YardSale,1
#arte,1
#JonStewart,1
#experimental,1
#JoeyHyde,1
#AlexandreDesplat,1
#chills,2
#NextTime,1
"#ucankeepurmoney""",1
#studio,3
#Digital,1
#DeFiestaEnFiesta‚Ä¶,2
#yomaso#madbitcheswedontfuckwith,1
#PieceByPiece,1
#TwitIsenk,1
#rip,1
#bicicletasmonty,1
#kvalitetsdagarna,1
#myvideo,1
#ArcdeTriomphe,1
#NONEGO,1
#werk‚Ä¶,1
#hanspils,1
#bodyrockin,1
#spanish,1
#facade,1
#crowd‚Ä¶,1
"#ICON""LES",1
#eiffel,1
#sunsets.,1
#djlife,1
#igers,1
#arise,1
#stansmith,1
#causes,1
#youwillonlyunderstandifyoucantlivewithoutit,1
#DorianGray,1
#tourisme,2
#archaeology,1
#UCLA,1
#Record,1
#SYLM,1
#Lolllywood,1
#SW15,1
#KCA,12
#March,1
#SATX,1
#SirenSong,1
#WTF,2
#Switzerland,1
#singersongwriter,1
#britfloyd,1
#rootsopenmic,1
#vamosfaturar,1
#deadregister,1
#italy‚Ä¶,1
#childhood,1
#shoppershour,1
#guitarMagAwards2015,1
#AudreyHepburn,1
#Book,1
#pulp,1
#angrymusician,1
#Singapore,1
#vocals,1
#DJLife,1
#WWENewarkNJ,1
#VEVO,3
#parisbistro,1
#drummer,1
#lifestyle,1
#Music‚Ä¶,2
#Buckshot,1
#jazzmusic,1
#FelizMartes,1
#Scala,1
#album,2
#TheGoodVibeAndDaGirlsShow,1
#hot,14
#Fuerteventura,1
#drum,1
#lavoriincorso,1
#irish,2
#Vigipirate,1
#badromance,1
#sing‚Ä¶,1
#KidsFitness,1
#audible,1
#LucyRose,1
#VoiceOfTheHippies,1
#crackofdawn,1
#DME,253
"##

Why",1
#film,2
#TVF420,1
#insomnia,1
#NerveDjs,1
#datascience,2
#songinmyhead,1
#84Film,1
#StillaFave,1
#aracityradio,2
#Support,1
#Not..,1
#selfie,2
#crowdfunding,1
#Following,1
#beautifuldestinations,1
#event‚Ä¶,1
#dope,1
#picnic,1
#extra√±ando,1
#MSG3SuccessfulWeeks,1
#VVIPCulture,1
#MusicTherapy,6
#20DaysOfDallas,19
#Funchal,1
"#microphone,",1
"#party!
#DJ",1
#WhenIn,1
#Sales,1
#runway,1
#thelouderthebetter,1
"#TurnYaSneakUp
üëâhttp://t.co/xuWOW2sSmNüëàx",1
#DowntownDisney,1
#prepro,1
#ChampionshipJourney,1
#WWE,1
#nowhiring,1
"#HomeSharing,",18
#Job:,3
#IGetPulledOverAlot,1
#IOMTV,1
#guys,1
#VDSF,1
#parisjetaime,2
#tokyo,1
#HappyDrSeussDay!,1
#part_II,1
#louvre,1
#Dresden,1
#MzansiLove,1
#gibsonguitars,1
#snakes,1
#hawaii2015,1
#HipHop,8
#event,1
#EverytimeIDie,2
#Spin2Win,1
#papaya3,1
#Ebay,1
#February,1
#PureHappiness,1
#ThalaAjith's,1
#Thailandmiss,1
#style,15
#bassplayer,1
#RBR,1
#London,3
#DavidBowie,1
#mexico,2
#deeplearning,1
#blink182,1
#sergei,1
"#LifeFails,",1
#classic,2
#grunge,3
#BeachcomberMusicAward,1
#Dj,4
#loving,1
#percussao,1
#montmartre,1
#Paris!,1
#fun,5
#band,4
#maximumthehormone,1
#fashionweek,4
#DangerflowSaudiTour,1
#winterwoolies,1
#emodeon‚Ä¶,1
#therealstruggle,1
#PeloSuleto,1
#baskin,1
#ArtSchool.,1
#fit,13
#„ÉÅ„Éß„É≥„Ç∏„É•„Éã„Éß„É≥,1
#virolovers,1
#techno,1
#ibmwatson,2
#tournage,1
#BeautifulFrance,1
#dixiechicks,1
#BLOOMFIELDCOLLEGE,1
#HTCOneLife,1
#musicbiz,1
#TagsForLikes‚Ä¶,1
#MusicVideo,5
#hiphop‚Ä¶,1
#wipro,1
#PaintItAcoustic,1
#getoffit,1
#April,1
#UrbanGospel,1
#SacaPrendeYSorprende,1
#Waves,1
#filming,1
#FL,1
#solo,1
#sissy,1
#WillSmith,1
#creative,2
#mybabywithme,1
#hoodratsincebirth,1
#MumfordAndSons,1
#MobileApp,1
#instrument,2
#NCRI,1
#song‚Ä¶,2
#commonPeople,1
#notinterested,1
#silence,1
#hadoop,1
#TembisaVWClub,1
#amen,1
#abaikan#suara#jelek#just#for#fun#happy#berbagi#itu#indah‚Ä¶,1
"#proteas,",1
#PengenKe,1
#clublife,1
#Haim,1
#snoop,1
#cocktails,1
#skeelo,1
#concert,4
#organization,1
#dipmus,1
#CashmereCat,1
#PagiHarusPilar,1
"#TurnYaSneakUp
üëâhttp://t.co/xuWOW2sSmNüëàx6",1
#iMean...,1
#LiveVideoMix,1
#Film,1
#miniShowCase,1
#bodyart,2
#tokimeku,1
#go,2
#home,2
#RETWEEET,1
#decorating,1
#musicvideo,1
#glazba,1
#sweettooth,1
#housemusic,1
#voyage),1
#wtf,1
#LovingLife,1
#igdaily,1
#smoke,2
#RiseNTapLive,1
#NoelGallagher.,2
#lbloggers,1
#vwbus,6
#VoteDanielPH,1
#grill,1
#passagemdesom,1
#Lifestyle,1
#NiteLife,1
"#YzzyLooksWorried
#ButILoveHerToDeaf",1
#askcartery,1
#cfcpsg,1
#fb,1
#LaQueManda,1
#ableton,2
#embrace,1
#pizzo,1
#Mode,1
#JohnnyApple1D,2
#Travel,1
#bass‚Ä¶,1
#Dance,3
#PFW,9
#coffees.,1
#mobile,1
#buswankers,1
#chicagoblues,1
#LymeLightOpenMicShowcase,1
#MUSIc,1
#streetscienceEnt,1
#IslandReggae,1
#upcoming,1
#design,14
#fechamentos,1
#Argentina,1
#yoga,1
#Eiffel,2
#Ipod,1
#VolDirect,1
#smoldering,2
#eachxother,1
#business‚Ä¶,1
#WuTang,1
#Lanzarote,1
#MexicanBoy,4
#CaribbeanVsAmerican2:,1
#money,14
#luxury.,1
#Spark,1
#BigBang,2
#momentum,1
#NW,1
#tropicalmodernism,1
#distortion,1
#solfege,1
#Trxis,1
#ShakedownRadio,1
#ÏùåÏïÖ,1
#group,1
#SeniorYear2012,1
#celebratinglife,1
#badsmoke,1
#plur,1
#Perancis,1
#radishsalad‚Ä¶,1
#UltraBsAs,2
#craftshout,1
#fifthyshadesoftae,1
#Sango,1
#parisien,1
#heavy,1
#crossfm,1
#motivation,1
#vibetime,1
#janakramer,1
#Detroit,1
#chillout,1
#boys,1
#Tiesto,1
#Winnipeg,4
#the,1
#AppreciationTweet,1
#breakfast,3
#bae,1
#reallove,1
#instamusic‚Ä¶,1
#notaclosetrapper,1
#performance,3
#stage,3
#song,6
#energy,1
#MusicLov3r,1
"#LilWayne
I'd",1
#southbeach,2
#justabitnervous,1
#Disney,1
#foodie,1
#REACH,1
#Vers√£o,1
#mia,1
#AATM,1
#podscast,1
#Touraine,1
#cakedup,1
#16,1
#nomination,1
#bandname,1
#travel,17
#workout,1
#uk,2
#cemetery,1
#FreeThrow,2
#practice,1
#teamjhud,1
#asotindo,1
#tbt,1
#masterofthepanflute,1
#HappyBDayJBJ,1
#Doggie,1
#Lembang,1
#bicycle,1
#fainting,1
#RawNewark,1
#itunes,1
#jonasbrothers,1
#Dreams,1
#Eritrea,1
#QuissyUpSoonüî•üíØ,2
#RMAFRANCE,1
#jcole,1
#communication,1
#Beethoven,1
"#Âá±ÊóãÈñÄ„ÅÆ‰∏ä„Åã„Çâ
#21ÊôÇ„Å¥„Å£„Åü„Çä„Å´„Ç≠„É©„Ç≠„É©
#Âá±ÊóãÈñÄ„ÅÆÈöéÊÆµ",1
#humanity,6
"#TurnYaSneakUp
üëâhttp://t.co/xuWOW2sSmNüëàx4",1
#sianlife‚Ä¶,1
"#TourLife,",1
#amysheppard,1
#peaceful,1
#MoLife,1
#Loudandproud,1
#Flipagram,2
#Culture‚Ä¶,1
"#authentic""BACK",1
#vintage,1
#ARIANAGRANDE,1
#Moretocome,1
#hardwell,2
#buongiorno,3
#theelovay‚Ä¶,1
#VF2015,1
#Job,8
"#MDW,",1
#SamSmith,1
#New,1
#Haagen-dass,1
#BlindsContinue.,1
#artstudents,1
#NickiMinaj,2
#Crossing,1
#Peroni,2
#QuestionToArtists,1
#Owls,4
#soulful,1
#sugaring,1
#parisfashionweek,1
#deleted,1
#G5Tryit,1
#Club,1
#LongBeach,1
#Gunz,1
#masseyhall,1
#picoftheday‚Ä¶,1
#Producers,2
#punk,1
#KingKong,1
#photojournalism,1
#wakeup,1
#events,1
#rave,2
#podcast,1
#AThuKush,1
#job,1
#cat,1
#SHINee,4
#TurnOffTheLights...Today's,1
#ce10N,2
#Raw,1
#instadaily,1
#workinprogres,1
#DevilMetContention,1
#adultswim,1
#WherestheBeer,2
#power_jumps,1
#ilovemondays,1
#IBMmobile,1
#God,1
#lamb,1
#yycarts,1
#IFM,1
#LHHNY,3
#selfie‚Ä¶,1
#Paradise,1
#thebest,1
#CriCri,1
#Abarth,1
#amazing,1
#datacenter,1
#NochesEneBeA,1
#HappyBirthdayCamilaCabello,1
#transylvania!,1
#friends,6
#reggae,1
#soundcloud,2
#Voyage,3
#musicislife‚Ä¶,1
#ALBANYGA,1
#instacollage#aur√©veil#matin#aunaturel#GoogMorning#BonneJourn√©e#paris,1
#Aberdeen,1
#monty,1
"#Theatre,",1
#AAofficial,1
#paris,39
#UNSC,1
#Tunes,1
#kevinjonas,1
#BigAnalytics,1
#RERA,1
#flight,2
#cabougeauRSS,1
#SAXOPHONE,1
#musik,1
#Facebook,1
#life,10
#Production,1
#MWC15,19
#myxmusicawards,26
#rebelheart,3
#NewMusic,18
#restyling,1
#darkroom,1
#instafriends,1
#Arcdetriomphe,1
#FallApart,1
#FashionLife,1
#Grimm,1
#politics,1
#shr,1
#poolparties,2
#What?,1
#venue,3
#gaypic,1
#artsed‚Äùüòäüé∂üé®,1
#PFW15,1
#edc,1
#Intercontinental,1
#nocolors,1
#INSTRUMENT,1
#GreatestCover,1
#musiced,1
#EmpireFOX,1
#ManCrushMonday,2
#sunday,1
#revlon006marooned,1
#vidoftheday,1
"#anotherbandconcert
@julnilsmith",1
#blacknwhite,1
#HIPHOP‚Ä¶,1
#toutestpossible,1
#pfw,4
#QuissyUpSoonüî•,3
#World,1
#WSHH,1
#workHardPlayHarder,1
#woohoo,1
#DeLunesADomingo,1
#Lights,4
#stars,2
#Hozier,1
#socialgood,1
#ccmf.,1
#MonteCarlo,1
#ExplorerBandung,1
#help,1
#NFL,1
#KnicksTape,1
#SanTelmo,1
#instagood,4
#kicks,2
#LAGSAW,4
#partay,1
#FCmostinnovative,1
#Zedd,2
#please,1
#R5onKISS,1
#BoomerSooner,1
#Passing,1
#VoteLittleMixUK,3
#nevergoingback,1
#DreaminTogether!,2
#fender,1
#WasntGarthTooAvantGardeOnce,1
#Potluck.,1
#NewWords,1
#Redeye,1
#Zurich,1
#Reggae,4
#tips,1
"#TurnYaSneakUp
üëâhttp://t.co/xuWOW2sSmNüëàx7",1
#SCGear,1
#System,1
#SchweizerischerMarketingTag,2
#super,1
#chepsg,1
"#SoundCloud
http://t.co/Kdr6nbZMmH.",1
#geneva,1
#MyOwnWorld,1
#foodporn,1
#voteanitta,1
#Dublin:,1
#Jesus,1
#shawarma,1
#S√©jour,7
#Tokyo,1
#Boston.,1
#DMtravels,1
#thatBlueFilter,1
#nz,1
#TheDress:,1
#concierto,1
#ratp,1
#NYC,2
#tekila,1
#Winner,1
#Q971,1
#inspiration,2
"#DisneylandParis

Photo",1
#VedicHoliHealthyHoli,1
#KepoPerhatian,1
#accessrunway,1
#gdc2015,1
#shutUpAndDANCE,1
#EDM,6
#StreetLife,1
#DirtyBay,1
#Ultra2015,3
#audition,1
#dance,2
#NYAR2015,1
#PAPISio,1
#caciquedocandeal,1
#spacejams,1
#version,1
#AskGabe,1
#album‚Ä¶,1
#color,1
#recording,3
#bdscertified,8
#DataViz,1
#greece,1
#newmusic,4
#SaintSulpice,1
#DWMTM,1
#launching,1
#tower,1
#painting,1
#singers,1
#country,4
#calm,1
#NP,2
#DaytonaBeach,1
"#TurnYaSneakUp
üëâhttp://t.co/xuWOW2sSmNüëàx13",1
#onone,1
#WakeUp,1
#NoMePuedeGustarMasüòç‚ù§Ô∏èüôàüéâ,1
#takemeback,1
#91x,1
#buildup,1
#Jazz',2
#wmusic,1
#tema,1
#asot,1
#Productive,1
#cigarette,1
#7414,1
#tractortavern,1
#dt,1
#cloud,1
#AppreciatingGoodMusic,1
#Oscar,1
#Strasbourg,1
#sound,2
#NoFilterFullofFriendship,1
#drums,1
#Algorithms,1
#Montorgueil,1
#gig,1
#KPRS,1
#Par√≠s,2
#foreverybody,5
#LittleMixUK,1
#NowPlaying,4
#oncology,1
#livemusicmatters,1
#ItsJustNonsenseAndHorribleNoisesForSimpleMindedPeople,1
#angelina,1
#ASOT,1
#Data,1
#cuisine,1
#nswpol,1
#LaVOZ105,1
#musicislife,1
#parisfashionweekbuzz,1
#counting,1
#Memphis,1
#Coupe,1
#cotwoldsvillageinn,2
#LadySoco,1
#listen,1
#Berlin,1
#tophit,2
"#Mixtape
#Rap",1
#coreypieper,1
#ReloadMusicFestival,1
#PasCher,1
#QuissyUpSoon,120
#BelleJourn√©e,1
#Nigeria,2
#mykindofnight,1
#anodyne,1
#LoveYellaüíõ,1
#iPhone,1
#switzerland,1
#NewWayToWork,1
#musicpromoter,1
#IHEARTRADIORENEGADE,1
#FifthHarmony,1
#killme,1
#mylife,1
#original,1
#IPRCC,1
#awkward,2
#busy,1
#funky,1
#DayTrip,1
#street,2
#Duxbury,1
#Yolotl‚Ä¶,1
#vscofamily,1
"#TurnYaSneakUp
üëâhttp://t.co/xuWOW2sSmNüëàx3",1
#cassette,1
#Imbica,1
#laamounchingo,1
#bcn,1
#computing,1
#Germany,1
#dripdrop,1
#LikeIts2015?,1
#vscocam‚Ä¶,1
#stuff,2
#Healthcare,1
#RiverofDeceit,2
#cricketWC2015.,1
#ImHereYoureNot,1
#rue,1
#verri√®re,1
#international‚Ä¶,1
#clickTHElinkINmyBIO,1
#kids,1
#jazz,5
#frankfurt,1
#fkstudios,1
#musicproducer‚Ä¶,1
#lovethissong,1
#LymeLightReloaded,1
#Rise,1
#avantgarde,1
"#Europe
.",1
#FW,1
#danceclasses,1
#jealous,1
#kawai,2
"#Jerusalem,",1
#ugh,1
#Show,1
#NYC!,2
#sicksince,1
#originalsongs,1
#Saxophone,1
#Toronto,2
#OceanLab,1
#metal,1
#14AW,1
#dancing,1
#cinequest,1
#morning,3
#Guardian:,1
#vscolovers‚Ä¶,1
#Tshirt,1
#Music,84
#Beach,1
#ParisFashionWeek,4
#SMKN10Bandung,1
#FacehunterCH,1
#RealMusic,1
#LAHI,1
#afrocentric,1
#night,2
#staytuned!,1
#cinemusic,1
#HamiltonBroadway,1
#HMD,1
#genre,3
#TourEiffel,2
#bologna,1
#creds,1
#igersparis,1
#motherhood,1
#liveshow,1
#ProfotoUS,3
#drizzy,1
"#TurnYaSneakUp
üëâhttp://t.co/xuWOW2sSmNüëàx14",1
#recordplantstudio,2
#house,4
#goodmorning,6
#Amelie,1
#qwoc,1
#,5
#sementara,1
#sleepybaby‚Ä¶,1
#Flashback,1
#HAMILTONpublic,1
#DisneyParks,1
#BestFanArmy,16
#Touchpants,1
#HyattAllIn,1
#indi,1
#JavanaBistro,1
#efforts,1
#BringItOn,1
#thatdresstho,1
#greatsongs,1
#bodypaint,1
#225,1
#gamh,1
#Klezmer,5
#NONFICTION2015,1
#top40,2
"#EncourageEveryoneIn4Words
Turn",1
#procrastinationlife,1
#TpsParcours,1
#ProteaFire,1
#greatTimes,1
#Boracayfeels,1
#smh,1
#Turin,1
#TREMPER,1
#ABCD,1
#Madrid,1
#üòç,1
#RadarHOTNews,1
#Art,2
#BuenosAires,2
#AskToya,2
#start,1
#diversao‚Ä¶,1
#Man‚Ä¶,2
#sexybaby,1
#FindYouKevinDrewRemix,2
#FLASKMOB,1
#currentlyreading,1
#amreading,1
#PioneerDj,1
#DeLunesADomingo‚Ä¶,2
#jpost,1
#SoundCloud,3
#Elgar,1
#LoveFL,1
#Fantastique,1
#artlover,1
#Nashville,4
#pasalubong,1
#MartinGarrix,1
#Trance,2
#journey,3
#beastmode,2
#nameplease,1
#kalkbay,1
#LiveLifeUptown,1
#SsttForIrfanMaweyLagiUjikom,1
#MrProbz,1
#LouReed,1
#deephouse,1
#festival,1
#„Éû„Ç≠„Ç∑„Éû„É†„Ç∂„Éõ„É´„É¢„É≥,1
#„Ç∑„Éñ„Éº„É§,1
#perks,1
#DavidGuetta,1
#PstarLive,1
#honeymoontour,1
#MorningRush,1
#Panama,1
#spain,1
#üò≠,1
#M√©xico,7
#Paris,144
#mind,1
#electricdaisycarnival,1
#Bowtieparty,1
#Cali,1
#grime,1
#IMTELLINYA,1
#radioshow,1
#oldschoolmusic,1
#House,2
#beer,1
#ChildishGambino,1
#rva,1
#horrormovie),1
#sncf,1
#lamasguapa,1
#TAMUFollowTrain,2
#Purim,1
#future,1
#TeamNawlins,1
#corporate,2
#aviary,1
#Oslo,1
#ensaio,1
#Entertainment,2
#thisweek,1
"#TurnYaSneakUp
üëâhttp://t.co/xuWOW2sSmNüëàx2",1
#Soundset2015,1
#MakeACelebUnwell,1
#parizinzin,1
#cannes,1
#MusicPromo,1
#jobs,2
#vj,1
#Opera,1
#addicted,1
#m√∫sica,1
#pinkfloyd,1
#Lizobuya,1
"#Catalanoband
http://t.co/RLIJUdOp3d",1
#Cancer,1
#boyfriend,1
#AOU,1
#974,1
#DearRyan,1
#lights,3
#like,1
#gayboy,2
#Television,1
#LunesDeGanarSeguidores,1
#AlBores,1
#GetWithTheProgram,1
#massage,1
#fr,1
#Barranca,1
#instafollow,1
#PARIS!,1
#Rhythm,1
#KellyClarkson,1
#fkatwigs,1
#CCCTF,1
#AW15,1
#MusicMonday,14
#StuntTeam,41
#taptap,1
#Ellatapueta,2
#flamenco,1
#RunyonCanyon,1
#IveDoneMyWaiting,1
#Demi_Pension,1
#onelove,1
#Australia,2
#TheBeach,1
#FINALLYFRIDAY,1
#htown,1
#SanDiego,2
#DHSummit15,2
#filmisnotdead,1
#instaweatherpro,1
#gothic,1
#ottcitty,1
#timbau,1
#agence‚Äù,1
#COP21,1
#Fashion,3
#chicago,4
"#TurnYaSneakUp
üëâhttp://t.co/xuWOW2sSmNüëàx18",1
#Remix,1
#rebelhearts,1
#cinq,1
#job‚Ä¶,1
#timetraveltuesday,1
#Sunshine,1
#antonio,1
#ZeldaSymphony,1
#german‚Ä¶,1
##ROADBOYZ,1
#songwriting,2
#5illegalin,1
#ladders,1
#madison,1
#WeKnow,1
#confident,1
#Tour,1
"#SoundCloud
http://t.co/bh0BjOUlZQ",1
#capetown‚Ä¶,1
#Â∑ùÂ¥éÂ∫ó,2
#Autism,1
#reunionnaisdumonde,1
#cycling74,1
#Persian,1
#jewelry,1
#A4,1
#OpenMic,1
#Documentary,1
#Dogtown,1
#producers,1
#afrobeat,1
#metalcore,1
#FlashBack,1
#TheMowglis,1
#cds,1
#QuietlyDancing,1
#checkitout,1
#Trippythursdaymia,100
#soir√©e,1
#wakeup#disco#music#chanel,1
#latenightbaking,1
#Beyonce,1
#SinCity,1
#day‚Ä¶,1
#Fire,1
#lastRT,1
#hd,1
#browniechocolateexplosion,1
"#TurnYaSneakUp
üëâhttp://t.co/xuWOW2sSmNüëàx12",1
#likeafilmmaker,1
#indierap,1
#Vienna,1
#beyonce,1
#Rock,16
#melody,1
#IBM,3
#TheDeltorers,1
#databases,1
#lovemylife,2
#HARDKISS,1
"#ÈòøÂü∫ÊúóÊÑõÊóÖË°å
#Paris",1
#spark,2
#napoleon,1
#happyday,1
#19,1
#CollegeStudent,1
#–≤—Å–µ–ª—é–±—è—Ç–∫–æ–≤—Ä—ã,1
#potd,1
#shackattack,1
#musicvideo‚Ä¶,1
#EncourageEveryoneIn4Words,2
#LosAngeles,2
#TexasCountry,1
#tattoo‚Ä¶,1
#FURY,2
#musicbloggers,1
#nvidia,1
#ToDoList,1
#Summer,1
#MaejorMeAndYou,44
#HandsDown,1
#MG,1
#eclair,1
#Dorset,1
#men,1
#Paris...,1
#pfw‚Ä¶,1
#whotels,1
#Dirty30,2
#GoNawazGo,1
#electric,1
"#Mesh_Maakoul
Goodüå∏morning
@CAROLE_SAMAHA",1
#Mcm,1
#biketrial,1
#England,1
#Gotham,1
#ONPlay,2
#enigmacg,7
#SuperJuniorDnE,14
"#90sTen
OK",1
#mwc15,1
#music‚Ä¶,10
#H√©raklion,1
"#complicated,",1
#mymicsoundsnice...‚Ä¶,1
#show,2
#pagode‚Ä¶,1
#lovers,1
#Hadoop,8
#spinrilla,12
#France,10
#chanceofalifetime,1
"#7PillarProductions!
Business",1
#wx,1
#compilation,1
#trance,2
#Lakewood,1
#cq25,1
#breathtaking,1
#Colombia,1
#Quora,1
#USAFA15,1
#DadStuff,1
#FezzyGang,1
#ElPiojo,1
#vacances,1
#HeadNod,1
#writteninscarstour,1
#Boanoite,1
#tiltfocus,1
#xcelenergycenter,1
#wishfulthinking,1
#Jerusalem,1
#classical,2
#JR50,1
#cinematopeia,1
#bigdata,14
#TheDress,1
#nofilter,5
#ÎçîÏáº,2
#myself,1
#cover,2
#TheSongInMyHead,1
#TunefulTuesday,1
#2k15,1
#snoring.,1
#Serving,1
#804‚Ä¶,1
#barusampehujanderas,1
#piquenique,2
"#TurnYaSneakUp
üëâhttp://t.co/xuWOW2sSmNüëàx16",1
#analytics,7
#albumcover,1
#faces,1
#js,1
#Compcard‚Ä¶,1
#2015CanGames,1
#pizza‚Ä¶,1
#yummy,1
#Life,1
#Burgerama!,1
#si,1
#videogirl,1
#DetroitStandUp,1
#Arianators,15
#Jbr,1
#Cjspotlight,1
#PontNeuf,1
#welshladies,1
#Webinar,2
#Nahko,1
#CHANGED,1
#MexicanBoy‚Ä¶,2
#OFM,1
#MMA2015,1
#Writing,1
#gn,1
#SamBobino,1
#MONDAYNIGHTTEASE,2
#PULLUP,2
#new,15
#rockon,1
#pianostyle‚Ä¶,1
#SaturdayBreakfast,1
#iloveupull,1
#Latergram‚Ä¶,1
#RebelHeart,1
"#beer,",1
#connard,1
#Inspiration,1
#disneyland,1
"#MikesDavis""",1
#Octopus,1
#–∫–æ–≤—Ä–æ–ø–∞—Ç–∏,1
#ManiRatnam,1
#artistically‚Ä¶,1
#countrymusic,1
#Party,7
#Prayer,1
#musicdontstop,1
#indonesia,1
#FuckingAwesome,1
#thefrozenflametour,1
#mymoment,1
#RNB,1
#blackamericana,1
#music,236
#bonjovi,1
#karma,6
#autoroute‚Ä¶,1
#panam,1
#OneRepublic,1
"#TurnYaSneakUp
üëâhttp://t.co/xuWOW2sSmNüëàx19",1
#shoes,2
#Teamsubtweet,1
#toronto,1
#PLAY,1
#Programming',1
#brain,1
#soundcloud‚Ä¶,1
#urology,1
#LollaPOQxUMusic,1
#54Below,1
#snapchat,1
#BabeStation,1
#MakeItSimple,1
#TheGrandBudapestHotel,1
#lastfm,1
#My40,1
#AirBNB,1
#gunsandroses,1
#besthotels,1
#learningbydoing,1
#anytime,1
#coverbyme,1
#Venise,1
#BobDylan:,1
#wrightstuff,1
#subt,1
#NervousAF,1
#dyddgwyldewi,1
#Bihh,1
#TalkAboutITwLM,1
#geek,1
#EDCMx,1
#party‚Ä¶,1
#food,1
#classic‚Ä¶,1
#guitar,26
#deezer,1
#Classic,1
#ORIGATOOOO,1
#IReallyLikeYou,1
#pansa,1
#BetterCallSaul,4
#cocobongo‚Ä¶,1
#WGBH,1
#signing,1
#internet,1
#bachelor!,1
#Gothic‚Ä¶,1
#viromania‚Ä¶,1
#ÎÑàÎäî,2
#RAW.......,1
#cadeadosdoamor,1
#ComingUpCleanRadio,1
#saves,1
#lemonsup,1
#Video,1
#r√™veries,1
#japan,1
#yuhuuuuu,1
#DreamworksTV,2
#Halifax,1
#chemise,1
#superstark,1
"#expressive,",1
#guitarplayer,1
#Globgangworldwide,1
#noise,1
#Glamsham,1
#education,2
#RAW,11
#MonaLisa,1
#Jensen,1
#HAWKSWIN,1
#GhettoBarz,1
#rethinkchurch,1
#SoulfulStyle‚Ä¶,1
#Orange,1
#musicfestival,1
#Malte,1
#architecture,1
#morning‚Ä¶,2
#Barcelona,11
#pureheaven,1
#peavey,1
#TheWaitIsOver,1
#Live,1
#Back,1
"#homelessness,",1
#MOTHER4,1
#booking,1
#Mozboy,1
#LatinAmerica,1
#flipagram,4
#Respect,1
#FPD15,1
#Sacr√©Coeur,1
#teachabroad,2
#LOVE,1
#mixtape,1
#steveaoki,1
#REBELMUSE,1
#Bandung,1
#happyears,1
#KidsChoiceAwards,1
#rera,1
#ILived,1
#trip,1
#wordpress,1
#goodnight,2
#five,1
#UKUSA,1
#MakeAChange:,1
#NonFiction,1
#RadarTOPRequest,1
#brothers,1
#DallasChat,1
#CraftBeer,2
#friendship,1
#chillingout,1
#tea,2
#Perpignan,1
#RoadBoyz,1
#trouv√©,1
#Ìè¨ÎØ∏Îãõ,1
#sunset,1
#teamgoldii,1
#work,3
#music!,1
#closeup,1
#insights,1
#GETMEto4K,3
#Thanksgiving,1
#„Ç¨„É≥„ÉÄ„ÉÉ„Ç∑„É•,1
#wppi2015,3
#drummergirl,1
"#Paris-Descartes
or",1
#Enjoy,1
#musica‚Ä¶,1
#atlanta,1
#afourlabs,1
#Penzance,1
#Musiclover,1
#OwnShare,1
#NewProblems,3
#plusdesoleilquedanslesud,1
#li,1
#livemusic,5
#WizKhalifa,1
#Dem√≠music,1
#napping,1
#onedirection,1
#hiphop,9
#i9,1
#internasionalfieldstudy#paris,1
#MoneyGxng,6
#top,1
#EXTRATV,1
#ElectronicMusic,2
"#Instrumentals
#Album",2
#SFN,1
#instaweather,1
#crazy,2
#Lagos,1
#Indonesia,1
#travelling,1
#musico,1
#Musicfest,1
#Bsideshow,1
#writerproblems,1
#berkeley,1
#„Ç®„Éá„Ç£„Ç≠„É†,1
#Monday,1
#TheStreetHearts,2
#kitty,1
#menswear,1
#Bowie,1
#TwoYearsOfGovtFailure,1
#Arts,1
#CTtoCA,1
#motorcycle‚Ä¶,1
#motorcycle,5
#EuropaHymn,1
#acoustic,6
#Beats‚Ä¶,1
#swag,1
#max4live,1
#Rnb,1
#nice,1
#juice,1
#Florida,1
#beachcombermusicawards,1
#CUISINE,1
#CollCons,1
#Paris:,1
#TeamXtina,1
#13YearsOfIt,1
#Arab,1
#light,1
#irishweather,1
#lyrics,2
#neveragain,1
#Roswell,1
#bachata,1
#Venice,1
#dark,1
#conciertos,1
#Future,1
#heaven,1
"#TurnYaSneakUp
üëâhttp://t.co/xuWOW2sSmNüëàx8",1
#TheVoice,9
#RAWNewark,3
#aucklanddomain,1
#DontJudge,1
#Ïù¥Î≥ÑÍ≥µÏãù,1
#garnier,1
#Tanzania,1
"#TheLifeOfAnOG""",1
#city,1
