users_mentioned,count
DjRockyUg,1
TrillHD,1
TimmysWell,1
brookie_baldwin,1
TTTorrez,2
boytoyjesse,1
misstoriblack,1
globalstatmusic,1
_fuckgio,1
PedroIvoChianca,1
Cpiepz,1
avachristy3,1
lostbayouramble,1
bellahadid,1
sawano_nZk's,1
marIboros,1
kochamjacksona,1
WIOD,2
ShaelynCherie,2
KevinAnex,1
langitRTV,2
Everyday_Maree,1
SanJoseSharks,1
illUnicornati,1
__naela,1
michelledlv24,2
NaYsurreal,1
mirandalambert,1
TheZacMann,1
Jayreed4Jesus,1
DJFlexxDC,1
mathieugruel,1
WellingtonUK,1
CeesonGreetings,1
NathanSykes,1
spdancer222,1
TheKooriWoman,2
Te_Kay305,1
RichardBrancat,1
aboveandbeyond,1
BigHeff,1
jhene,1
dessacaniff's,1
DanceNYC,1
ILK_Trans7,1
WeAreBangalore,1
Rumble_Empire,1
finlandeaparis,1
SibylleLaurent,1
KanyesAlterEgo,1
ESarno73,1
luisfe_molina,1
ASPAtlantaMusic,1
AyeeeNaaasty_,1
Nicole_Appleton,1
Madonna,5
tydollasign,1
atribecalledred,1
ParisZigZag,1
joeylawrence,1
69Tonki,1
East_NBK,1
trebormiller002,1
Kanindersbae,1
moni_skoz,1
AndraeOvO,1
coupleBOOBS,2
dounzela,1
la_fing,1
Irma_Marie_,1
Michael5SOSIt's,1
Djnothinnice,1
EuroDisneyland,2
CardoGotWings,1
bebizie_gonyam,1
cotydean7792's,2
Philosogeek8,1
peopleschoice,1
infomanado,1
MariaOkan,1
projecteve1,1
BrewsterStreet!,1
RomanxxD,1
djsbu,1
Mosway3,1
NatbyNature,1
DLRiii,1
Interstellar,1
JRX_SID,1
LNsobolewski,1
BarsAndMelody,1
soundwavefest,1
coraimaa_,1
StreetSeeker,1
KenzieJuul,1
LAAC_Golf,1
usernamedebile,1
The_BetterGuy,1
phoraone,1
kianlawley,1
StrokeAssocNW,1
ambervesty,1
FrankMcCombFans,1
karleebarone,1
BionicJive,1
El_Komander1,1
xavier69,1
h_houseshipley,1
denisevasi,1
bmthofficial,1
mamibabie,3
paintboygav,1
mockingbirdnyc's,1
_brucexlee,1
STKMUP,1
carterreynolds,1
DENGUEFEVER,1
Under_Radar_Mag,1
YoungTaylor9,1
pinionsmusic,1
haroobomkum,1
DFredrickson_23,1
SWStheband,1
tallestman,1
brokehalo7,1
IzzyxPinkprint,1
BHogendorn,1
Michaelaa_Moore,2
BurnPodcast,1
B_Freezy_,1
heidionbroadway),1
meduzabanda,2
kingcutta81,1
iamkelis,1
Mir02_,1
InfoMakassar,1
trapnhardo,1
NickyTheBullDKC,1
justinbieber,10
JohnnyAppleSA,2
pvjbandung,1
ooo,1
KingKera_,1
BrooksKnudsen,1
teamsalut),1
mega_SG,1
Oo1125Soua,1
asicapulcu,2
Mandii_Lovee,1
andrew_pence3,1
SidLee,1
mikegameiro!,1
jszanchi,1
Phil_Rich_13,1
CharlieBeth96,1
FinallyRich64,1
vicrogersmusic,1
albertposis,1
Chica0823,1
joshuaabante_,1
eatbulagaANTV,1
BasaBasi_TTV,2
father,1
DONJAZZY,2
emberisOfstory,1
Matt_Samuels,1
Harry_Styles,4
RT_com,1
alysyarief,3
sohamkanade,1
ahmedbencruz,1
hannya_reba),1
RaelynLuebb,1
OrganizedGrime,1
independentshar,1
TorilNag,1
YoungMalikOG,1
flipagram,2
JerseyJake55,2
KeithUrban,6
ZjChrome,1
kaeleb16baker,2
izzy_mar0720,2
AppietusInDaMix),1
Smoke_DeVille,1
QUINTINOO,1
Dear_Onika,1
hollyhoodbaybay,1
BluesdaddyD,1
CapiLM,1
AJSUEDE,1
dvs_lkck,1
xoxoamymarie,1
chrissnts,1
aeroportsparis,5
BadKatCafe,1
Ishayaaaaa,1
__Bymh,2
Gary_Numan_,1
Time_Out_Paris,1
WaterWayRealty,1
caughtbydiyyah,1
katyperryalbum,1
mingkki21,1
BurningAngel,1
RockChristopher,1
barcelonaturism,1
HarryDucky,1
KayzoMusic,3
BraxtonMiller5,1
SafetyMentalst,3
mobileworldlive,1
Monoprix,1
TayDanLautner__,1
ghostly,1
eja090,1
FancyFu4,1
LindseyStirling,1
CollingsMichael,1
Beyonce,1
SofiMunozG12,1
SantossMenjivar,1
IamRacMan,1
MeghanGranito,1
jenstrench,2
TheRealRyanHiga,1
aslak_gatas,1
Hungama_com,1
JoJoistheway,1
Yvonneeee1,1
playATmcm,1
shattawalegh,2
paulweezzzy,1
SabrinaAnnLynn,1
SNRTG,1
lusardirose,1
hoogs,1
iamtovelo's,1
tyeleez,1
BettyWho,1
DJFIRSTCHOICE,1
funkvolume,1
TaylorRozenblat,1
IBMResearch:,2
King_IJW,1
bouie1616,1
KingClaudus,1
MadisonElleBeer,30
Asdfghjklyndsie,1
kelly_clarkson’s,1
wyssdaniel,1
SloanRawlins,1
malikadanielle,1
SNlPPETS,1
AsifAAhmad,1
peytontanguay,1
MusicXchangeDJs,1
KenoeMusic,1
Emgirl517,1
dayy__z,1
clairecoxxx,1
BreakingTempo,1
Cindy4LA,1
TomJWilliams92,1
joywavemusic,1
RouseJonDGDH,1
hi_mija,1
Unoceros,1
TheDoobieBros,1
Parma2mbn,2
ParisHilton,10
AnalyticsChap:,1
TurbanYouOn,1
le_parisien,1
BURGERRECORDS',1
21centuryswing,1
MogorDAmore,1
therealjuicyj,10
rzwoodward,1
ceriseonthecake,1
AdrienBroner,1
TheHoodChef,1
1027KIISFM,1
DavidSeawright,1
AllSaintsOffic,1
WorldJat,1
vee_fans,1
coriwalters,1
sou_see,1
jungsungha,1
Kaleb33Harvey,1
MadyStaySwaggin,1
idinamenzel,1
vatrapu,1
draco751,1
Justbriiiii_,1
thenickbham,1
riandawson,1
NoCountryNash.,1
RedaksiHotIssue,1
mars3times,1
Spencer_Mundus,1
3Will1,1
officialdjjuice,59
bandatsunset,1
WORLDMUSICAWARD,1
m_aguiar,1
MissJoanTaylor,1
MrFunkVolume,1
Lo_Go503,1
MisElizaJane,1
emptyspaacee,1
BlackLiteAttack,1
CharlieRobison,1
paulalorene_,1
ShairiaFabiola,1
fiifibiNeyTs,1
France3Paris,1
JUSTSPORTJkt,1
khoaletyy,1
TRIBEZA,1
JazzinJohn,1
Hoesitsash,1
oscarelfrodo,1
AaronShahaj,1
JheneAiko,1
Pesbukers_antv1,1
panduSD,1
kwawkese,1
TheReal_TWill,1
ComptonMovie,1
HOT97,1
MISSPRI_,1
amymadds79,1
KayDizzle1000,1
lauramoppie,1
TaylorTfulks20,1
RickyPDillon,1
RickeyAdvisors,1
Blowmoney904,1
kevinGIANT,1
WhatsTheBenefit,1
Sarkodie,1
FarahLaJefaRD,1
AndresMasTres,1
HonoreRwibasira,1
richdollaz,1
bdotTM,1
VilliSpeaks,1
nightriots,2
boreofflove,1
GhostfaceKillah,1
BLVCKREBEL,1
arriaza_yo,1
girlposts,1
BigDataBigData,1
judahsmith,1
LuisH90,1
WizKhalifa,1
trent_reznor's,1
Ayoo_Yeezy,1
TheFrauBlau,1
mrsayudewi,2
ClaudiaLeitte,1
nbcsnl,1
WinelandKali,1
Spotify,1
Soundsultan,1
JoshFelipe1,1
Mag_Goes_Wood,1
FreeDem_Music,1
dBOMB_90,3
blueoctober,1
twitter,2
spydeeGH,1
MosesMo,1
Cookie_RJC,1
_secretvillain_,1
SocialiNBronx,1
Eazzyfirstlady,1
RapUp:,1
DJEbonix,1
HolSmale,1
flozano_,1
YG_GlobalVIP,1
l_amoreaux,1
AdeRais,1
Tetouan,1
IBGDRGN,2
VelascoDenise_,1
zynga,1
therealpeace586,1
Gayelle10,1
Esmeralda_rdzz,1
"DopeSaintJude,",1
DJGQ1017,1
Childs_Playyy,1
Grimezsz,1
ChicRaw,1
itsmainguyen,1
wu_cheyne_clan,1
infoFAKTA,1
NadiaCTRL,1
BeezyDH_,1
BilkoTweet,1
neilgchurchill,1
aaaallliieee,1
abbey_mcknight,1
Socapub.,1
FishHoekSurf!,1
RTtheBEST,1
numanofficial,1
Pimp_Louis,1
UptownsFinest33,2
ShitPussiesSay,1
Wanlov,1
JBALVIN,1
BlueHillBoston,1
mons_monz,1
KFlum,1
edithbell,1
originaltagsUK,1
PHORAONE,1
oohkill33moohh,1
CraigAWelch,1
Harrison_CK,1
TrudellMike,1
gracebrown730,1
KUSH4GOLD,1
abhi_25690,1
bonang_m,1
IGGYAZALEA,3
BBCGetCreative,1
Alzanet_SEO,1
RiverRockMN,1
OGRodl,1
sugardaddytweet,1
ChelseyWilsonn,1
MinajShield,1
kievtheband,1
TeamVic,1
"BirdsWithThumbs,",1
iamdjthunder,1
dublinconcerts,3
TheFollowingFOX,1
fiifiadinkra,1
CoolFMNigeria,1
MariaMikhaylyuk,1
Moussa_x_x_musa,1
BoydOnSports,1
Chris_Easton1,1
HAIMtheband,1
shannonwataz,1
tanyaarnold,1
Drake's,1
mellealizee,1
AndrewKantarias,1
db_shawty,1
"YouTube""",1
chancehusky,1
bigband,1
rachelsigsworth,2
danielkazemi,1
Guy_guywalton,1
amazon,1
Silet_Indigo,2
EmmanuelJAL,1
paulfuckingdunn,1
em__singer,1
OREFICIWATCHES,1
kikiminxj,1
HipHopFiend,1
garzymix),1
allison_swider,1
Hollyjnehappant,1
Classic_Cannon,1
Rltechorg,1
IndieMusicBizz,1
steulalia,2
NummerEtt_1,1
AbangNarjiCagur,1
adamlevine,4
lil_isa25,1
BossRicky01:,1
yaya_mclean,1
AriBrokenRomeo's,1
parisbarnes21,1
aleisharuthless,1
Cleanbutcorrupt,1
mercylounge.,1
ForvictoRi,1
salim_merchant,3
MarinasDiamonds,1
n_etiri_zandz,1
NYCEvents_,2
ramamcku,1
teatrop6,1
EvaristoVillela,1
jilldruschke:,1
ChanTheDon,1
JazzyAmra,1
TheDylanHolland,1
mobangmedia,1
netmediatama,1
TobaCohen,1
senna_szykulski,1
alesso,1
ThingsExpo,1
pol150c3,1
JessicaSimpson,1
BionicRA1,1
RuPaul,1
JamesonMarzak,1
EamonnHolmes,1
HollywoodCbus,1
infotangerang,1
RAZRteam,1
slicingeyeballs,1
B1eberh0le69,1
OfficialAdele,1
EconomicTimes:,1
willjaymusic,1
salesforcefr,1
jeffhodge,1
bestestestes8,1
PNASNews,1
ramzi_tebe,1
Pandasuper,2
fusetv,1
YoungDreamersCC,1
edsheeran,3
JudithOstin,1
MandyMcMillan,1
oohgee_,1
MabelCajal,1
VH1SaveTheMusic,1
RePLAYBroadway,1
JasonHemmens,1
FoodPorn_MX,1
woahitskira_,1
HIITMANonDECK,100
ateofimbruan,1
MaryamKitosi,2
DPrizzy's,1
almost_Adrian,1
ouijameme,1
zacbrownband,2
GoulartMatheus2,1
DjGregStreet,2
chancetherapper,2
stephroyal,1
ThePopGroup,1
taylorswift13,9
MDesbarres,3
DanielOwens96,2
WatchGHS,1
mayracorrente,1
MrTaylorJohn,1
iElanGoodwin,1
OttUncensored,1
nicolasaguirre,1
charli_xcx,1
123PARTYRADIO,1
_BreEscobarr,1
hescreamsDEE,1
InVanaWeTRUST,1
littlebigtown,1
NewYorkCornet,1
BeLikeMIKE__,1
RocNation,1
ramsthel_katie,1
WWEAJLee,2
awghaadnicole,1
jut___3,1
MarcSABOT,1
LoveThySole,1
dherrera978,1
dopeboySHAKE,1
TreySongz,1
Jovonn,1
disneylandparis,1
Lightshifters,1
99kgold_,1
DuncanSkuva,1
SteveGrandMusic,1
imjennim,1
Q97fm,1
verified,2
x_ellamay,1
mkasante,1
dipalma20,1
thingworx,1
dewiperssik12,1
Elguapotaco_,1
_ShaikhNBake,1
KatherineNorm17,1
GToellner,1
nimmerfroh,1
the_small_hands,1
smorgs9,1
Kleberalejandro,1
Dafa_DA2,1
infoyogya,1
djblaze_904,1
TOOSwavey,1
visitmusiccity,1
maddie273,1
m_giacchino,1
Academie_Paris,1
UrbanXConnect,1
whymisha,1
TinPanSouth,1
BrothersGrimDub,1
KagweMungai,1
osocity.,1
akaworldwide,4
"lefortmanu]

Grand",1
sirboring,2
ModernizedHippy,1
petepaphides,1
KeyshiaCole,1
DjGEMINIlive,1
MaheshNBhatt,1
Kolie_World,1
kalielpp,1
jabril691,1
AYPOrchestras,1
benatargiraldo,1
___daiyahh,1
elisaaa_10,1
BestofLibra,1
nnatta,1
ayu_19980408,1
Josh_Pinard13,1
SaviTrillfigger,1
Tsoga_:,1
info_purwakarta,1
Shaheer_S,1
rj_el,1
theJewel_eraa,1
Patty_Arrez,1
OldMillSE18,2
FredoUpt,1
iamDJFRESH,1
PrillyBie,5
chsmusichall,1
_LoveeAmara,1
evan_burnett,1
rileyreid4,1
CarolineMutoko,1
thatbitchally,1
rgcarrjr,1
BlueWealthyGang,1
benadamsuk,1
PruCenter,1
shannenigansss,1
DjKnightatl,1
departed_music,1
LatitudeFest,1
ZachValentin,1
Infopadang,1
frantisak,1
jamesbarbournow,1
elmvision,1
AnHonestYear,1
Creed,1
TheVoiceABSCBN,1
Heidimon,1
latenightalumni,1
IyannaOsborn,1
NYCEventEngine,3
ryylor,1
vine,1
dancemom1313,1
pouncetht_ASH,1
mudbabe_17,1
LiztheGApeach,1
TTV_KampungKW,1
schiphol,1
pendouusshh,1
Olympics,1
Crutchfield,1
beatsbydre,2
mschumacherr,1
PredsNHL,1
My_Little_Paris,1
ChrisWebby,1
NyQuilAndVagina:,1
JoeyTweetsIt,1
ParisMatch,1
Denyque,1
freddyphh,1
RockMuRadio,1
peeeeetsi,1
8e3a452c99bc48e,1
rossco36,1
shae_kulin,1
SwissLips,1
FreeLabelNet,2
macpowell,1
troyesivan,3
_talharusli,1
zaratekarate28,1
AntoineYoung,1
its_shunaaaa,1
FabolousTim1,1
DevonDoesTweets,1
LZZYHALE,1
JimmyKimmelLive,1
timalllen,2
TheAtlantic:,1
"VBunel,",1
emily_everman,1
andrewschulz,1
infobekasi,1
__Jahlil,1
ONDAMANDARINA,1
noweakhugs,1
LondonTaylor___,1
Rababoush,1
envydatropic,1
AJRBrothers,1
BoiteMusic,1
TopTenUnsigned,1
The_Angel_Perez,1
Farewell_MyLove,1
Rafabaiona64,1
PromoJunkies1,1
HoodieAllen,1
micohalili,1
SadeBanks,1
GCodeAlready,1
AjanelMarlyn,1
sherrybossgh,1
karenvaisman,3
TNVacation,1
chaelinCL,1
SLagaja,1
FrankIero,1
saminus,1
katyfancypants,1
Halestorm,1
bwilliamsmusic,1
RoseDreams_,1
K_E_P_H_A,1
tashareign,1
SKEEBOE_,1
Rizka_Adhana,1
jon_wells,1
Sherwin2Blessed,1
PolowDaDon,1
qdee40,1
kirstenwarden_x,1
AJForDays,1
Bordenkircher13,1
LiKovacs,1
MixPhiladelphia,1
ThatShorter,1
Robbybeatzgh],2
"PrintempsSante
NON",1
TurnToTech.,2
biebizzle,1
geauxYella,1
W0RLDSTARHlPHOP,1
RachelSermanni,1
07Sincere,1
prestun,1
ZubzZilla,1
BeanznKornbread,1
Esekiel_Guei,1
VERIDIA,1
kevin_Gates,1
FlodinoGh,2
Bharris98,1
pro_xlvii,1
PSG_inside,1
AmnestyOz,1
JordanJackovich,1
MR_JAYJONES,41
k3ithComBs,1
DanielAims,2
BCSLive365...,1
silet_rcti,1
djay0222,1
lifeofguy_,1
mmm_gash,1
Jeronimo_mx,1
linkinpark,2
robaantv,1
Danny_SIO's,1
GinaxxBina,1
gdpreston,1
Info_Dramaga,1
leeugenkhoo,2
Unbidden_BS,1
iambeckyg,2
patrickowtf,1
ozrodriguez1,1
AFFIANCEmusic,1
potq,1
StarbucksFrance,2
pw052064,1
TheSwonBrothers,1
benkoku,1
YouBe_Izzy,1
blogparis,1
TraeABN,1
lexielexrex,1
Strategie_Gouv,1
fuzethemc,1
Imported_Indian,1
CASHMERECAT,2
K2place,1
lysganime,1
coltford,1
BiigDom,1
VanessaMdee,1
ProVerbMusic,1
MarkusSchulz,1
ShyGlizzy,1
ECMDradio,1
koredebello,1
JayRansiky,1
CoachJustinL,1
mikeaul18,1
patboon13,1
philblowdatLOUD,1
JeremyVkV,1
JibbyJoos,1
jmich81!,1
kristin_toppel,1
CodySimpson,5
KSOCIALTV,2
SensaCine,1
travisthrasher,1
g_maricic,1
JahmaeD,1
mayadallas812,1
iamedem,1
djbyrdbeatz,1
LovelaceEmma,1
TREX_95,1
JoyVSarfati,1
daniymagneto,2
TheLoneBellow,1
YouTube,5
995jamz,1
cinemi,1
therachelpotter,2
BEATS100,1
KlezmerCompany,2
Official_MNCTV,3
VaehSus,3
BDozen,4
Hipster,1
JR_Grimes,1
jessrawk,1
S_Adlington.,1
DJSUSSONE,1
G_Eazy,1
RlzWorld,1
SpotonLI,1
trashdistance,1
geespin,1
mrbadseed,1
RAMrecordsltd,1
achrisevans,1
ultclientele,1
"VOLCOM
Launch",1
ethielkd11,1
aeroportsparis),3
MJC_OK,2
blakkwailagh,1
iam_Davido:,1
_iamJM,1
InboxSCTV_,2
ice123og,1
LadyLykez,1
mugeezxmugeez,1
Radio1057,1
matt_keyler,1
KITESTRING,1
DJEDUBBLE,1
iamblackbear,1
LOADMusicCanada,4
jennxpenn,1
bymaddyness,1
BriaKelly,1
_Richboy,1
JDollazNY,1
ThisIsRobThomas,1
AccuRadioIndie,1
PyzzaGod,1
tedtots,1
destinyj169,1
AfroTainmentSA,1
Jimmy97499693,1
ceeeddssr,1
jarrensmith_,1
EurostarUK,1
thetidedrew,1
OGMaco,1
IshaBoyChink,1
Daddyambb,1
toewskane,1
infobengkulu,1
aniinahh,1
iamdiddy,1
IndieMusicBus,1
phillyfish9,1
TyBaynton,2
ndtv,1
DVBBS,2
nahpsofficial,1
isaiahrashad,1
acsamman,1
kerriganlannom,1
Sirap014,1
2networkwealth,1
LawsonAndy,1
QueFaireAParis,1
IntensIndigo,2
_Hartbreak,1
purlieunyc,1
vince_anity0215,1
thatsoday,2
Sigtric,1
ArianaGrande832,1
LTAmusic,1
emjkerr,1
youngquicks,1
YoungLitoBSB,1
carina5_,1
scarystoriesttv,1
"daniamelaina,",1
BigLittleSef,1
matteornati,1
Daisy_Ortega,1
Rilez_Gotloud,1
TramyersCSN,1
StellarRevival,1
saipul_jamil,1
talavencha,1
AppMeerkat,1
SarahSozjones,2
ALL_CAPS,1
rajimeir,1
Oreo,1
joeyBADASS,1
selebrita7,1
ninibmccarthy,1
WHOISDJACE,1
MalikMathis3,1
MeetroMusic,1
oomf,1
gabyduran_,1
RWeThereYetMom,1
xyougetsoalonex,1
gedomuzik,1
MarisolTouraine,1
cfgmusic,1
TrueMU,2
JensenBurkeen20,1
musicthinktank,3
HHHFix,1
LewTurner,1
OmnivoreWorld,1
ELRMinjun,1
galeries_laf,1
slament,1
ouishare_fr,1
nycmusicians,1
kxngsh1t,1
thehomeroom,1
iis_dahlia,1
KcaneMarkco,1
Drake?,1
ChesterBe,1
tonihensonslade,1
Spacecattaz,1
jpodhoretz,1
krungy21,1
JoeyHyde,1
Paigey_Cakey,1
diplo,5
SonyMusicSouth,1
RadioDisneyLA,1
birddiegoonatic,1
_Dahlet_,1
BellyDanceNYC,2
DeeHudson1,1
AstroTerry,1
GrubHub,1
SamSmithNews,1
RuPaulsDragRace,2
shiranproject,1
killbeatz),1
NikkiSixx,1
GypsyBaiIey,2
meneguittt,1
JJConway777,1
PALLOfficial,1
shannonlizzz,1
playgrounddad,2
kingyella73,1
ARTEfr,1
MFBPromotions,1
JabongIndia,1
DewMeNoFavors,1
JamieCBbr,1
infogarut,1
Rosa_Ayde,1
KarenWilson41,2
RiiiCcoooo,1
hardrockhtlbali),1
kellysredmond,1
JColeNC,1
killa_kellz069,1
2GunzTone,1
IITSnews.,1
robertkarman22,1
DaleloveMadonna,1
youKEN_getit,1
Cinequest,1
SandyStar4Life,2
Monaleader,1
Irealkelebogile,1
pablo_valbuena,1
…,28
EchelonProject3,1
GoonySpliff,1
MariahCarey,2
AlexGMusic7,1
z_brooks41,1
RealMichelleW,1
Dobbleghana,1
CallMeFrenchii,1
eatlocaldamo,1
twentyonepilots,2
NickkConti,1
MaleekaIsWeird,1
katerinawilhelm,1
kseniaanske,1
Abierezkiazila,1
kurngb,1
BahSanford,1
TroyGoodfellow,1
Falls_Boul,1
SnailPop,1
AjaLikeAsia,1
djcarnage,1
ChrisMastamp3,1
recordBar,1
mattbuckley,1
nsomniakafe,1
i_am_djdon,1
Absolutely_Abby,1
ZibiPearl,1
NBATV.,1
EastStandUpper,1
themarissarosen,1
opendataParis,1
AndresV16_,1
jakesidwell,1
itsWillyFerrell,1
FoamWonderland,1
JeffreeStar,1
docker,1
Recode,1
Annie_Hebron,1
ClassicStylez,1
juliaperrez,1
morgeezzaayy,2
sonicemotion,1
TRANS7,3
OnlineViolin,1
jacobmrozinski,2
FranceTHD,1
TymScorpus,1
BubbaCel,1
kennbivins,1
Peeweezzy,1
polnavarro,1
ArtisOFC,1
Romain_Gros_,1
IrhadF,1
ClassicFM,1
JNICS305,1
New_Possibiliti,1
b60f8484987c454,1
camilafrgomide,1
"thedoobiebros,",1
RichHomieQuan,1
JessieJDecker,1
kehlanimusic,1
spankybeat),1
infotasik,1
PinkThePlug,1
always_nidhi,2
SuzannaOwiyo,1
DA2_BENIQNO,1
Heavyweightband,1
yea_im_JAMAICAN:,1
Lougotcash,1
Crossfade_SFL,1
Nealy17,1
Yung_Sty,1
PaddyBiribisey,1
_ATragicStory_,1
CMPunk,1
DUQE,1
GizmoVarillas,1
IndigoChildRick,1
AnnabelleKayy_,1
ColleenB123,1
stinelieng,1
djraize,1
MasterTate_,1
boscopbenavente,1
TheRealQueenJo,1
Mafikizolo,1
expIores,1
Globaltvseru,2
infojambi,1
VinnyDaVinci,1
RedAbaddon,1
AshScreaam,1
Jim_B60,1
KeabryElaine,1
thelumineers,1
1903Detheridge,1
Robbie_miller98,1
TRAP_LORD583,1
OfficialDilemma,1
JayceeclaireG,2
mathalie064,1
syssimananga,1
GregoryRayMusic,1
KiddWWE's,1
ParisLaNuitNews,1
Tradiio,1
veryspooky_,1
SKOriginale,1
J_PRINCE_JR,1
UnionJworld,1
NW_colinw,1
redmusiconline,1
Meridian23NYC,1
waveyboyjam,17
NGBPromotion,1
mitasukamdiyah,1
nurmalisaaa,1
dancehallflex1,1
authornicoleh,1
troykoshal,1
ShahlaaTahira,1
Fly_Norwegian,1
Awakxning,1
DJFLIPSTAR,1
SuckerrMan,1
Yungbubb47,1
O_smoke_GOOD,1
wingstop,1
StuntOnBitches,1
wearedangerkids,1
mykectown,1
PRODBYKASPAR,1
Mykeulkeul30,1
DlSNEYQUOTE,1
BrooklynNets,2
SayWeCanFly,1
LilDrastic,1
le21eme,1
BB_Muzik,1
fielddaylondon,1
soPanel,1
cajX0,1
Twice_Bali,1
Stuttgartin:,1
ThickNess_Boss,1
cammylarala...pa-admin,1
TheNewParish,2
SagaOnTour,2
LanceStorm,2
gabeharmonizer,1
manib1974,1
bridgitmendler,1
Desmond_Mary,1
nfrealmusic,1
Ghamaicans,1
dejaa_reneeee,1
DJEntice,1
malasuprema,1
Interscope,1
DAVE_EAST,1
HeraldLynndee,1
okgo,1
Jeriney,1
DVRY_YRVD,1
Bilal,1
duo,1
TCC_Comp1_Myers,1
ItsMainaKageni,1
BoxOfBirdsFolk,1
mspennypuppy,1
LahtiSkiGames,1
TheMetalCore,1
ladopeshop,1
DJ837,1
jtimberlake,2
Tsoga_,1
sandiestweetisa,1
Lydia_Cupcake,1
RSMuseum,1
ty_army,1
Velib?,1
johnkingcountry,1
henmanguitars,1
Dj_Tanny,1
74fa4d474fbd462,1
Paris,2
Roger_McTavish,1
mabelsizzurp,1
MLOverdrive,1
Landontours,1
moniboyce,1
RealHansZimmer,1
JonsandmanTv,1
SW_A9,1
AbenaGangster,1
DWilkins21,1
Officialdjjuice,4
BetterCallJaime,1
Raquelmusiclive,1
SamuraiPrimz,1
louisplz,1
djjeanfran,1
ronstew,1
jaxonhowden,1
jason_mraz,1
_unBRilievable_,1
beatsmusic,1
VegaJelly_,1
hokkazonn,1
jhornain,1
ChrisMFriday,1
cviddytv,1
BrasilLM,1
LittleMix,2
jodecimusic,1
5SOS_MusicCity,1
thefinishIine,1
Despite_USA_CA,1
cxstiel,1
FtpRowdy600,1
infoPLK,1
DezBryant,1
stay_gully,1
AaronCarpenter,1
ItsFuKin_TreaZy,2
SBSwags,1
CapitolRecords,1
SB_Projects,1
phoenixlp,1
taylorlitton,1
Villz_,1
fashionworked,1
ollyofficial,1
Hobojoners,1
mariedesgre,1
iamabido,1
Bandana_HD,1
_lyricdavis,1
ToughManGh,3
SNYRGRS,1
silky_pablo,1
KILLTONYpod,1
JoeNickPatoski,1
brianRELOADED,1
luthergh1,1
wolfalicemusic,1
FLAGALine,3
fettythebest,2
MrPaulRobinson,1
shellybarrett7,1
vivreparis,1
goldblat1,1
BlakeYamashiro,1
PTXofficial,1
TheDurttyBoyz,1
TheDJ33,1
IndosiarID,3
FT:,1
barcelona_cat,1
Schimschaat,1
olympiatheatre,3
TheRealDjHanzel,1
sscdotopen,1
tonydushane,1
Shankar_Live,3
StupidBtterfly,1
MiCasaMusic,1
KeepItFiveStar,1
markbattles317,1
antoniorguezIBM,1
ZubillioNaire,1
SwooshyCueb,1
SpazzyD_,1
4everKelz,1
supersailorDOOM,1
JubySkylines,1
MusicForVideo19,1
stgeorgesbris,1
NAfME,1
ExoticRobot,1
rfriedrichs21,1
cokegawddd,1
CAPIGIRL21,1
ABPN_ChildNurse,1
GuliaGulz,1
ExpectAmiracle9,1
HOLYPISTOLCLUB,1
SelectaSingzAff,1
NakayaMusic,1
paultotoole,1
LudovicoEinaud,1
Social_Miami,1
DjMotion_NE,1
CokeStudio3rabi,1
MemphisMayFire,1
LUCEsinger,1
IAMJAYOLIVER,1
britneyspears,1
AmgBruce,1
WWE,3
AwreadyTV,1
iam_meyar,1
BWOYMETAL,1
BIdotcom,1
King_luhJay,1
muchomasquewebs,1
NtokozoMbambo,1
YoAlmibarLecter,1
michaelbeck,1
GarzyMix,1
nkuedu,1
KlevaHH4L,6
MikeFlaherty1,1
Choking_Crows,1
RixtonOfficial,2
foodiegeektv,2
BonJovi,1
pitbull,1
DJBIGANT,1
JayFruitSnacks,1
menuditasoy,1
kbulthuis,1
Disciple777777,1
Zedd,1
Shut_Up_Paul,1
BernLewis1,1
CyberEveryword,1
sciint,1
iHeartRadio,3
The4upz.,1
Lovely_Saffa,1
ceciliajacobson,1
NOAHPOWELL,1
fathippyrecords,1
brunswickmusic,1
1Royle,1
lunalindsey,1
FLAGALine.,1
kpfallon,1
matkearney,1
BriTay__,1
rmtgalactica,1
MartinGarrix,1
supertrapttv,1
THEREALDJRL,1
SoyMaybel,1
LordOreos_,1
samsmithworld,5
stasiun_dangdut,1
airbnb_es,1
mharvey816,1
"salim_merchant
Wish",1
accopelandmusic,1
hisbossness,1
kcorcutt,1
TantrumJas,1
HeffronDrive,1
FollowNYCNews,2
BegNMe2F1,1
TechCrunch,1
Joshua2001gmai1,1
mateuscrivella,1
AndreMcCoy8,1
creativeicelnd,1
CrankyPappy,1
AdmiringJuliaB,1
Official_Tink's,1
mad_seeks,1
jbal4_,1
HUMANKEBAB,1
i_amKAY,1
InsertUpdate,1
MeekMilIl,1
kennychesney,1
dexjamal,2
parisvegas,2
KaanHunkar,1
YoungMannyRF,1
Laura1Ma,1
Luke5SOS,4
Lidogotsongs,1
electron_45,1
HOLY_WATER_,1
AnDREttiGary,1
GoldStandard000,1
sonicids,1
firstprivate1,1
NickiTMUKBarb,1
RasKuuku,1
Paris_Incub,1
bigHomie_P,1
strada,1
lfmusicgems,1
ToriKelly,2
DJKAYOTIK,1
PrincexFbgm,1
EliasChinemo,2
SMTOWNGLOBAL:,4
DJGRIOT,1
noxantes,1
groff98,1
CodeserInfo,1
JaviJavs5280,1
PatFromReno,1
AshleyJudd,1
Stefanie_Jones,1
KimKardashian,1
DJMARIN0,1
FlipFargo,1
jjsolomon,1
Kaylaa_Grace,1
lindsayell,1
MrTrill17,1
asitisnt,1
train,1
KJScriven,1
RogueCommander9,1
RandyOrton,1
nilicovski,1
THEDRPTS,1
ThomasDolby,1
JoyFans,1
panamarhradio,1
gurmeetkanwal,1
cierramistt__,1
JamOnTv,1
N47E_,1
Kpopsenpai,1
Aldonimous,1
CaroleBarjon,1
4fucksakesmag,1
luubreeze,1
prettydrea7,1
caseyjames,1
DredSkeezy,1
TRANSTV_CORP,6
GMA,3
lecamping,1
phcouillard,1
shoefetishmilz,1
MWC_Barcelona,1
bretteldredge,4
wizkidayo,1
KatiaC72,1
TACQUIRA,1
samplestar,1
fergnoggin,1
katebarrera_,1
PapychuroBwege,7
gencat,1
HazeyBaby_Promo,1
aracityradio,2
blvckxdivmondd,1
infoRIAU,1
SportMusicecu,1
NSSMusic,1
OfficialRCTI,2
davidcaruso1,2
DJHoppa,2
karahuntt,1
marycarolinem,1
CiciBettaCCMe:,1
MAEJOR,45
HayleeLueWhoo,1
TickleMeBurtle,1
USAGOV,1
20minutesparis,1
MartaKazzi,1
djookee,1
ReaIJo,1
agibsonccc,1
matthewjames08,1
4waysproduction,1
FutureTenseNow,1
RipleyChile,1
Sauza901,2
KalilCanada,1
lvst___queen,1
NigeriainfoFM.,1
emmarosemurray,1
fvckedvps0ciety,1
natan613,1
ctownlondon,1
DJTIMBUCK2,1
catchchafyah,1
Cabralitoo,1
ChrisAmoah_PF,1
MarieSoapFan,2
_abbeyyyyyy,1
papa_leos,1
maureenoco,1
crzmst,1
egriega,1
theotherjude,1
Pompiers_Paris,1
ApolloFuse,1
METROFMSA,2
AnnaPeterTz,4
_LOWEN_III,1
PEN_NEWS,1
realhypelyrix,1
KalzCaRapid,1
CCI_75,1
JonKoob,1
4DEEPkooFILMS,1
ukinphilippines,1
CrissWaddle,1
sarkodie,1
HotNewHipHop,1
rkelly,1
IllimitableMan,1
G_Alexander757,1
MercDidIt,1
Poetry_Festival,1
MopremeShakur,1
Yuliya1973Vip,1
mike_marro15,1
PatrickDunphy,1
TumblrPostsEs,1
rirytyrell,1
khayamthethwa's,1
DigitalTrends/@ryanwaniata,1
robmarano,2
LILRYAN1ST,1
SocialInAtlanta,1
iamOGHailey,1
Ousadospremium,1
ethanfowkes,1
killroy96,1
DJHustleSimmons,1
DjCarisma,1
Avicii,1
Linguakat,2
NoahLDyer!,1
Crazi_XSA,1
NitraBella_,1
DallasDecoder,1
_DIMS,1
DolanGrayson,1
__JustJosh,1
DrMaximilianDog,1
CiCis_Pizza,1
oobservadorbr,1
ParisAmorim,1
KingJoJoPolo,1
suleymanyer,1
NiykeeHeaton,1
weareshura,1
tameimpala,1
LaurenEMusic,1
LowKey_Shiz,1
OMandM,1
RadioZincSC,1
WeAreRockCity,4
Emilylamarr,1
CyndiDickey,1
Neycuon,1
Eddie_Roe,1
Amphibic,1
theonlyseamus,1
THAREALYUKMOUTH,1
RuminatorNZ,1
jeff_jeep,1
jonhartmannjazz,1
ImChellzBellz,1
DJLuoma!,1
UndeTalk,1
sumocyco,1
louistwilIiam,1
ItsSimplyMe_DD,1
HinduOfficial,1
VegasHeadout,1
IamBOMK,1
blueapron,1
thedreamchazer,3
mattknatt,1
_dareallucky,1
RianPatmos!,1
MarilynvHR,1
LeslieKrafka,1
mikeotto_,1
LisaPot2Nutella,1
hiimmattpeaK,1
JovenDiscreto,1
tedison14,1
VAME_2015,2
1ChanceFilming,1
LukeNagel95,1
PrestonScarface,1
cocodemer,1
servaescolton16,1
FeeFo247,1
RealSteelWheels,1
LayneTadesse,1
acceptanceband,1
meie_quebec,1
R_besar,1
shelsieadams,1
lynnxb,1
rdholmes82,1
bobbyborg,1
iAmPoohDaBoss,1
jccaylen,1
TrentaBitch,1
PCOTTS,1
JoannaAngel,1
Foodie,1
MoMo_GEISHA,1
JordinSparks,2
awaws22,1
ladygaga,3
radiostephen,1
imbadder,2
animatronicat,1
TAKBAR215,2
Michael5SOS,2
tommyboyent,1
ricomadeira,1
inezandvinoodh,1
KleinerAktivist,1
XtinaAlex,1
pcales,1
OnlyDancers,1
maroon5,4
SlushiesForHoes,1
Pfro,1
amMIMS,1
KevinSkiesMusic,1
danamarie89,1
music,1
AmariJustine,1
TremorsCA,1
Dreamville,1
_marcoisaiah,1
NewYorkResto,1
VibeMagazine,1
A1Tayyy,1
_Untamed,1
hollywoodundead,1
warriors,1
DoryuuShepherd,1
Oceannoush,1
TheCrespo,1
thetimes,1
C4Caylin_major,1
jadakadaaaa,1
hurricanedave,1
Omega40,1
SCTV_,3
TP_Grant,1
parallelniteclb|music,1
TheRealSwagtac,1
xelA7th,2
sabyiu,1
JackAndJackReal,1
bukan4mata,2
_iamchachi,1
bnsrf,1
HYPEMANRICKY,1
ceo_mixnaija,1
Montana_Fitness,1
DerekLuh,3
__cookiiee__,1
Hookmode,2
requiem_music,1
dahhhsay,1
dyemarcos,2
caseyhurt,1
stade2,1
GrandeAmaze,1
truwho82,1
_TonyHilfiger:,1
FifthHarmony,1
thejoshuary,1
YawDompe,1
StephMcMahon,1
wickwox,1
HyattTweets,1
IsaacGarfinkle,1
timbaland,1
nofufushit,1
jomc,1
__djdf__,1
eaglepar3,1
musictorycom,1
ElormBeenie,1
KeshaRose,1
SonjaMidthun,1
NPHSMmeJudy,1
bretmichaels.,1
XAmbassadors,1
Medecinesdouces,1
adindagn),1
endimem_music,1
Paris_rues,1
Flipbeatzgh),1
NewSlang_Lbk,1
TasiasWord,1
kroq,1
Bradbery_smile,1
ranker,1
unpas_bandung),1
Georgia_Vine,1
chapocuevas,1
NICKIMINAJ,25
jromero1042,1
DaleJr,1
melblatt,1
suzukihub,2
YungenPlayDirty,1
YoungDolph,1
DJRobFlow,1
Footsteps_Moon,1
bangbily,1
mazaad87,1
Tastebuds,1
sammmsubido,2
foxnews,1
lobosolitario1,1
IAmCalmMind,1
waswas_indigo,1
_StaceBanks,1
hamza_yrp,1
quasistelIar,1
Jason_Aldean,1
AhmedZiiiZooo,1
CaseyDeidrick,1
AustinSIO,1
CaarolineeRosee,1
JawabDoank,1
jeftuz,1
fathominfo,1
LyricalSon,1
TheVoidMiami,1
AdamDoleacBand,1
itsfatell,2
YFEFRANCE,1
AnthonyOteroYPR,1
ZaynMalik,1
1famegh,1
LadyLeshurr,2
blakaGH,1
Uber_Paris,1
becksmartin77,1
AlissonValerio,1
romero_ilca,1
tylerrjoseph,1
dsaunders7,1
LoicPrigent),1
WorldOnepeace,1
Afroulla,1
WALKTHEMOONband!,1
jeanclervil,1
yomoxie,1
infobogor,1
MC_Ledbetter,1
rasmusofficial,1
gorgonzola51,1
pescaprecios,1
jennna_kennedy,1
team_loisa143,1
NYCFoodieFinder,2
OneReasonRecord,1
ThePompi,1
Metro_TV,1
kfury,1
Logic301,1
jamesjanet,1
JohnCena,1
slassh30,1
Obsesi_GlobalTV,1
KikiNaArt,2
waziridello1,6
airfrance,3
TroyAve,1
emleap,1
onedirection,4
EricEKD,1
otisroycroft,1
SuperDuperKyle,1
iRawq,2
MadisonCorps.,1
kelly_clarkson,3
AcademiaCineEs,1
kanyewest,4
CalistaKazuko,1
BetterCallSaul,1
gary1greg2,1
DowneHouseMusic,1
Sherando_Enigma,1
TreatNow,1
Meghan_Trainor,1
ezgisilAlpmen,1
Jankar_Geo,1
henrydog900,1
MszDeevah,1
ConnorFranta,2
sean_mcconnell,1
Ennwaiidobble,1
RandomMedley,2
jeffrejuso,1
LADanceCamp,1
ohyeahcentre,1
IAMKRIS24:,2
AZEALIABANKS,1
ImChristinaRome,1
trey_sossi,1
MarkRuffalo,1
QueenBeans__,1
DjPharris,1
Marbalan,1
bcawpdx,1
MelaniaPolito,1
ceejayseniour,7
PyriteSidewalk,1
golftgcom,1
KILLDKENNY,1
TaylorSwift13's,1
_mmarroquin,1
25f1c8ca6c9c431,1
islahoney_,1
__Big__Papi__,1
laynetadesse,1
MigTail,1
_____jking,1
ratatathey,2
tahersm,1
Victorilouise13,1
Wee_trout,1
ClaytonCrook,1
wannabealvarez,1
johnpilejko,1
julialisac,1
Soal_Shizuka:,1
DJHeatDC,1
emilyjo96,1
WeRepThatWest,1
chinaadoll____,1
kzyoung,1
Jessica_Flechas,1
B105fm,1
OGLaylaJohnson,1
starstunning,1
OnikasLilPearl,1
Kate_Raiff10,1
XL_Icee,1
flipagram.,1
pmay2,1
lepineisme,1
_Cotswolds,3
CAROLE_SAMAHA,1
GenoDa1,1
Yokohama,1
cher,3
iAmMuzicKing,1
NikkiGemmell,1
DannyJay_Foulay,1
infobabel,1
BPC__ENT,1
RazaZaha,1
CHEVYWOODS,1
TheRealSambora,1
infolampung,1
iam_Supercid,1
DCGirl627,1
eviemarie_,1
gangof4official,1
LaxSTARBOY,2
stevecarlson,1
Tina_Yayo,1
rangeljoao1,1
MP3Waxx,1
infobdg,1
CaptainErsatz,1
StanleyEnow,1
M_Milli21,1
CeceTheMamacita,1
JessicaNorthey,1
lindyfrankel,1
carlos_wilde,1
McDonnyGh,1
SteveKoonin,1
WuskyDingo,3
RENAISSANCE305,1
LetisiaAyu,1
iamseangarrett,1
Brandon_Ek,1
SI_PeterKing,1
NaziziHirji,1
reynoldsbastard,1
Aminabuddafly,1
MandozaOriginal,1
lebonmarche,1
maliachigh,7
StephenMiller,1
SkylarGrey,2
linoux_A,1
visharrystyles,1
marieclaire,1
blue_shygirl,1
semenecz_76,1
chrisbharrison,1
tylernthetribe,1
altimet,1
MADRIZORRAS,1
InfoPadang_,1
CannibalOx,1
OsnatNetzer,1
skylertheproof,1
shakachiki,1
SongLyricMemory,1
jaaylinaa_,1
shibuya_akkun,1
satchelspizza,1
_Kiannnn,1
catalac10,1
MAXOKREAM,1
Javi_Maraj,1
pcuellarb,1
24MoonsBar,1
manniefresh,1
MikeEWinfield,1
StarPlus,1
vajanianeri.,1
FloMusicApp,1
ijebaby83,1
YahooMusic,1
WhoDat_4D,1
ReekadoBanks,1
miamikilo,1
Mathiasedson1,5
Lukx360,1
leannrimes,1
forbeslists,1
mmpINDIE,1
DouglasJekan,1
TedStryker,2
PewDieFan126,1
1goodtexan,3
Drake,1
Kingkeraun,1
djiman_md,1
GetAwayFromU,1
SillyRabbit626,1
FerryCorsten,1
djtiesto,1
Rudderbutt,1
CandiWerx,1
oldmanebro,1
jesusss_123,1
cthagod,2
ThatLatino973,1
KalinAndMyles,1
BennDown,1
bandwali,1
xtoastadox,1
HHRFD,1
flea333,1
mobilenova,1
INPJCarr,1
ChrisCrocker,1
CassieReynaga_,1
OneD_Camille,1
charcoalpro,1
SamanthaGrady5,1
Getitlive_app,1
Lumumumum,1
zoyasmusic,1
ksym901,1
HawaiiOpera!!!,1
natalie_mu:,1
abuhgayul,1
NeshaGladys_,1
megabeets,1
kembacofield,1
__jennyfurr,1
Spinrilla,12
KardashianReact,2
BerkleeAlumniLA,1
DJHyphen,1
yglenn11,1
Broke2dope,1
MrFPOTUS,1
__InfamousB,1
myniakal,1
ro_farfan,1
mrDuBzz,1
livinlike_LEX,1
SparkNZ,1
Brizzy_Bray23,1
Official_Tink,3
zaynmalik,3
CitybeatSara,1
gigaom,1
moxkito,2
saipuljamilFC,1
JameelOfficial,1
ReemTheeQueen,1
atlantamusic,1
FlatbushZombies,1
ArgentinaTravel,1
mikeshinoda,1
BET,1
Ideal_Victoria,1
SMCottages,1
RaffiAhmadAffi,2
600Breezy,1
TheDeep1s,1
WorshipTeamPod,1
operadeparis,1
JORDANPOTTSS1,1
AmbriaBombshell,1
tarsherick,1
1000HillsCoffee,6
ToyaDelazy,2
MichaelFcMed,1
ASHLYNKUDRANSKY,1
brunette_idiot,1
kingyann__,1
ReverbNation!,1
__devinbarry__,1
Mktvworld,1
iamJohnnyDarko,1
KianLawley,1
adrianbloop,1
Bonjour_Paris,1
"EurosportAUS!
6:30am,",1
keratx,1
starsbarsnpbrs,1
Sowjumn,1
EliRed1,1
WeAreRockCity),2
NASA,1
Jesse_TAB,1
elissakh,1
LIFE_Highlands,1
leeperreira,1
BrewsterStreet,2
ChasingLifeABCF,1
Iceman_cometh1,1
Nixy42,1
pizza_hutid),1
LilFlip713,1
LovePalomaFord,1
egnyte4real,1
enserccole.,1
iammarbrown,1
grimm_missa,1
piercetheveil,1
RinaNose_IDs,1
DjLordDash,27
infomalang,1
TAKNbySTORM,1
SashaGrey,1
RollingStone,1
DjLordDash.,1
Nola_Dawg15,1
UnboxTherapy,1
LzzDaBadGuy,1
_stephbish,1
daiki_la,1
FroehlicherT,1
Brewmaster149,1
Luckso1,3
falloutboy,1
iloveparisblog,1
mac_chapin,1
thematt_martin,1
blythecass,1
katecasas,1
ANGCapone,1
petbe01,1
"YoGottiKOM""",1
black_milk,1
SylvanEsso,1
DovBaron,1
iamjustjake,2
iamheidy,1
"maryjblige,",1
_mcdaniels,1
Hopsin,2
DBTS_1,1
DakotaCraft5,1
infomagelang,1
Rift_Lethal,1
OGLifeboat,1
nickjonas,2
SammyKershaw's,1
Viixen_VTA,1
ContactAFamily,1
MaisondelaRadio,1
ayeitzsherry,1
neil_mccormick:,1
leonbridges,1
psbhumi,1
thecitychurch,1
PresidentWilson,1
mohamedchaoua,1
LADYNANA100,1
maya_overmatter,1
PrinceRoyce,1
RealSway,1
janellegartner,1
mone_joslynn,1
ShaniaTwain,2
swade750,1
juliedurden,1
CWhirt910,1
shanedawson,1
ShakyKneesFest!,1
angeladornan,1
BeatTeams,2
"Hozier,",1
thebootdotcom,1
ieshanelson_,1
loscar_mgm,1
aenaaeropuertos,1
Yungflamzey,1
_AJCousins,1
AddieAshton,1
KILLAKYLEON,1
LucyShery,1
YG.,1
BackTheFkUp,1
WWERomanReigns,2
AmericanAir,1
vrsrecords,1
Mad_Nerem,1
Dan_Portoghese,1
MasutaPara,1
tatteduphollyyy,1
OnikaThot,1
MickJagger,1
RaquelRomano9,1
iToriMusciano,1
jbtv!,1
oneafricmedia,1
djjaet!,1
donaldglover,1
Realtaeyang,2
Plux_Favilion,1
prukusu,1
beezy430,1
A_mAAdChristian,1
WasWas_SCTV,1
DJMicTee,1
Envy_TheQueen94,2
yfm,1
KianaMeradith,1
adoringlikeari,1
__LilyCarroll,2
Rhythm937PH,1
BlaireHanks,1
kaylagrubee,1
Qveen_Bvii,1
TODAYshow,1
stagewritemusic,1
RealReplayy,1
SueRiceFace,1
ComplexMusic,1
Pharrell,1
spinph,1
SiqueirosACTOR,1
zNickiMinaj,1
RichMixLondon,3
JulianiKenya,1
RevoltTV,1
BHDACULTURE,1
radiodangdutind,1
TWOLFgang14,1
Eurocup,1
kylieminogue,1
"DjLordDash""",1
iancmarkham,1
surfregui,1
BigSean,3
sustaindane,1
RyanSeacrest.com's,1
brookemfenton,1
DJSWHiT,1
IAMJHUD,2
SheIsOtonoGold,1
infoblitar,1
_RoughDraft_,1
ComplexMag,1
buscabullamusic,1
MizzKrystleVega,1
Dsinathrya,1
alyssabeetlerxo,1
larecord:,1
kotafm,1
nandz_n,1
djtopspeed,1
CoachRedd,1
dhikacungkring,1
SOLOH28,1
shhciarashciara,1
APassion4Jazz:,2
solomendi,1
soulmankichi_:,1
HostFirstNation,1
MarketsNYC,1
KingOfSafari,1
TheMattEspinosa,1
TheEllenShow,2
NKUNorse,1
AaliyahSymone,1
nicoleferaca,1
TerbergAlert,1
GinaSaharudin.,1
ThisBandSBYL,1
Quebec_FR,1
mckaelyshay,1
AdriTeamMinaj,1
AJAYNWK_,1
meetdasun,1
BristolJazzFest,2
babysbrilliant,1
v1xtor1a,1
tarawaslike,1
Giu_Capovilla,1
itsroaz,1
newsuleprikitiw,1
TheVirus1990,1
___mbb,1
kevinbacon,1
"thekooksmusic,",1
errrelizabethh,1
KayleeZukas,1
tvrxb,1
TommyTallarico,1
Notre_Damon88,1
GoodStratTweet:,1
cynrobson,1
sposestile,1
fatheaw,1
TheDeltorers!,1
indieshuffle,1
arlun04,1
jasonderulo,2
bonimotyweb,1
ImagineFMStudio,1
SimonBeale,1
coursera,1
fpkunair),1
sadables:,1
Blo__ndie,1
IM_THATGUY_ALEX,1
DjGanyani,1
adequnle:,1
BenjaminABubb,1
saeedart96,1
Mrsdaughtry,1
OnikaMyFav,1
JezSummers,1
hayyyvern8,2
vivalachichi,1
jackgilinsky,6
AREJAYHALE,1
skeetsonyoface,1
charliep_1982,1
Og_Archer,1
DaKangReloaded,1
Dj_DesignerKidd,1
bodega_run,1
HilaryDuff,1
Calum5SOS;paris;two,1
LavoEnt,1
jasminecainrock,1
5SOS,1
thevaccines,1
Saelani2Timez,1
elliotjaillet,1
cloudboy17,1
becks_y,1
TeamKayDizzle,1
"PaddyBiribisey
http://t.co/WQ4EgnNCLV…",1
socialbeit,1
MaisarahMustafa,1
jamiisonkent,1
rowtendo,1
CDC_tweets,1
Jsullhart,1
xHarriJox,1
BookerT5x,1
b_letsgetit,1
an_conda,1
TheDeadSexy,1
DanDiem,1
_DaBitchIsBack,1
CarmenBatoh,1
Judskii:,1
BustedOpenRadio,1
Tebogo_ZA,1
therealdjrow,1
taylorcaniff,2
jcoen17,1
ParambaRD,1
VH1,1
sonicbids,1
shawn_warren21,1
parrissmitth,1
vocyhum,1
"LloydPromotions""
Y'all",1
ideefixemedia,1
"NickJHeath""",1
salsa,1
singer_shaan,1
halseymusic,2
Almighty_Jai,1
grl,1
OneMoreJoke:,1
netanamaguire,1
BLACKOWNRADIO,1
CharlieEbersol,1
Nancy_Mushinski,1
MadAndersons,1
Dani_820,1
ToshAlexander,1
KygoMusic,1
ralphdiekemper,1
DennisPrager,1
thisisbabel,1
jlborloo,1
blakeshelton,5
curlsgonewild26,4
JasonBrunchezz,1
RixtonOfficial's,1
HuffingtonPost,1
VishalDadlani,1
nahtEnamklaK,1
MacMiller,2
DangdutAsia_ID,1
KingPezzy,1
aaronc21,1
JoshRamirez77,1
scheufele,1
kendricklamar,1
ChristianOWTO,1
ToineSayan,1
DJBonics,1
MileyCyrus,1
ErvinOCTW,1
PjMayhem,1
Wale,2
W17CARD,1
Skeme,1
FOREVER4NICKI,1
MintTunes,1
tonygallopin,1
SorayaAgency,1
Juppel55,1
adamissocoolbro,1
vodrecordings,1
Cotswolds_Best,3
LouReed,1
Coe,1
Biggie_Vandalz,1
Splunk,1
lukecrouse93,1
vicparksings,1
XXL,1
digital_bunnies,1
kfcindonesia),1
"natan613
#Klezmer",1
ThisIsPVRIS,1
GrupoTaNaMente1,1
modernNDN,1
thejakebluez,1
FreewayRicky,1
Needhamanbutter,1
_CheekCity,1
LauraGoldini,1
JacobSpreng,1
BigEasyLondon,1
DJQlassick,1
kombiz:,1
CarlossDrakee,1
toddcarey,1
inserttranstv,4
BabyEazyE,1
Elyricsmusic,1
jorellprospero,1
valhernandez_,1
AliciousJambi__,1
_dejahhh_,1
jimmyfallon,1
Dpatton_4,1
balljbeat),1
djlange,1
JorgeLucker1,2
rguilbeault,1
20Minutes,1
ellyspeaking_,1
wakachachi,1
RockRadiocouk,1
ameliaburgs,1
cardospizzapick,1
snowbadua,1
harrietmezzo.,1
Abelia_NHO.,1
Liberienne:,1
daunugh,1
GloriaCampos,1
samarjeet_n,1
WhoDmac,1
posindonesia),1
"wolfalicemusic,",1
DMVLife1,1
ODTDANK,17
connectgares,7
m_paquin,1
HipHopDX,2
momma_rocker,1
wining,1
GaryBarlow,1
KBlaze287,1
EdgarfuckinRios,1
CaseyVeggies,1
HuffPostScience,1
joehahnLP,1
cameracinemas),1
Zilfstar,2
edajx_,1
Cherry_iLickit,1
AdamAnders,1
CindyMontanezLA,1
CassetteCoast,1
pilargolfclub,1
leebrice,1
urockradionet,1
COCOonTHERADIO,3
overweightcdub,1
billboard,1
itsose,1
BadgerBabbles,1
loud_dxpe,1
DJAnkletap,1
infocirebon,1
DisKidOrvcle,1
SYLusCloUdz,1
ThatErikBarnes,1
Lyracyst82,1
MadSeasonMusic,2
RicandThadeus,1
marksilis24,1
FinchAndTheMoon,1
BradberyFans,1
BradKni9ht,1
SoundCloud,1
NBCTheVoice.,2
richymoe,1
GFritchey,1
TheCrewSince92,1
RepCohen,1
keem_,1
RobZombie,1
LadyLakeMusic,1
IcelandNatural,1
Gurmeetramrahim,1
WakaFlockabsm,1
OPPODIGITAL's,1
OneReasonRecord!,1
speakerboxxmia,1
CaliiMusic,1
ericchurch,2
NanaPAF3201,1
DakotaLameHumor,2
radiodeejay,1
ronanofficial.,1
STPVRITCK,1
parispremieretv,1
Castarapp,1
SBS_MTV,1
JosteinBrugrand,1
JackWilliamston,1
Mariamx5__,2
daratista_inul,2
DMDShow_MNCTV,2
SeseSeason,1
bulbieillusion,1
SplitLipHC,1
mymixtapez,1
KatdaddyMars,1
Healthyassfrank,1
kerrywashington,1
WildChildDNA,1
SSJ_YWY,1
infopalembang,1
"EmpireWriters""",1
Microsoft,1
nassarfahad,1
TheFMLFamily,1
HouseofCards,1
MixtapeAtlanta,1
iam_Davido,2
levvis_'s,1
KEYSUSx,1
thebandflo,1
DigitallyDownld,1
BrickMortarSF,1
MillardPS,1
Abelia_NHO,1
KwekuAmusah,1
reggie_75,2
siletRCTI,1
CarlieJane_,1
alishakdashh,1
MixologistMikk,1
IHeartJBR81,1
linkkkinpark,1
ddimick,1
justintinucci,1
ArianaGrande,8
gamh,3
babfik,1
mhumes,1
rockwoodnyc,1
NYClubPromoter,2
deejonesss,1
carlyraejepsen,1
infoungaran,1
DaUchedannyx,2
LeParisien_75,1
schmerielle,1
grfleming99,1
HitamPutihT7,1
CoziZuehlsdorff,1
Uhurukalawa,1
dyeaugust,1
Jogavitinho98,1
KelsieMayMusic,3
theCarterYoung,1
FishandShips15,1
BEYAZYAlaKA,1
OGBIGHUTCH,2
Jamielisa,1
Jessilynn97,1
kennychesney's,1
cbreezyo,1
oliverseuk,1
Prettykee_23,1
ohCHRS,1
ConnieTalbot607,1
witzel_lily,1
SwizZzleFish,2
GreyCanon,1
DJEPPS,1
RealLagugga,1
13Hotep,1
nascarrnat,12
TrapTrunkss,1
uclaextension,1
codiada,1
SotoGetsToto,1
maaryheredia31,1
RyanSeacrest,1
psybersind,4
ronabarbar,1
katyshimmin,1
"detikHot""",1
ashhh_schroeder,1
agcputrajaya,1
SmooV_Jaz,1
PaigeBolduan,1
MNCMusicChannel,2
eddydovermusic,1
_xoxochas,1
MxshtonNiall,1
NogiRx,1
amberyking,1
ohtayy_,1
ArtsNSW,1
Amir3id,1
samleefckc,1
DiehardNYRFan,1
pengenkepoooo:,1
jojopetv,1
whatsonANTV,2
CamiIIe__,1
2260___,1
DulachG,1
LaneyDecker,1
travelingmoms,1
hectorrod_c,1
NahGotti,1
steveaoki,3
madonna,1
creezychris,1
shreyaghoshal,1
MinajPerfection,1
SDotEzMoney,1
Alreadykn_Nate,1
neogeo_fr,1
ayooo_veee,2
dammndude,1
micha3el,1
"SelenaGomez
I",1
Smashley269,1
420evilangel,1
88NikSB,2
hdrewblackburn,1
cronj_9st,1
_haela,1
656sports,1
Statusseleb,1
worldmusicem,2
elilieb,1
samsungaragebar,2
dymond_Tyche,1
jamaledwards,1
Asian4Dayz,1
paulwesley,1
NazrinNaz4,1
badddimes,1
yasmin_werneck,1
mari_goncalvees,1
theweeknd,1
NiallOfficial,3
Karissa1023,1
mufuckthegov,1
MostDope_Dennis,1
skwaya4higher,1
worldkrysis,1
coldplay,3
KleanBeatz,1
MrsWorton,1
LevantineCenter,1
jacobwot_,1
latenights_ttv,1
irfanhakim,1
lopestelma24,1
wizkhalifa,12
AMG365,4
mervynthepanda,1
DILLONFRANCIS,1
ICC,2
chadmtaylor,1
yitzybald,1
BlueOceanGood,1
LittleSea,2
andthelights,1
MikeDavis516,1
serkofu,1
Yelawolf,1
ThePandoraBoxx,1
jessloczko,1
showimah,1
WickedMusicEnt,2
RobRusso_ROBEAR,1
Laduree,1
bigmilzy,1
mayavik,1
rapswag,1
MarkRonson,1
IamBenPol,2
MarquelTramel,1
RIPSNUPE__,1
BarbaraKPiano,1
aiesha_piper,1
fitrop,1
2briellamoon,1
BeyonGorgeouss,1
JackJackJohnson,9
WordsWFriends,1
iam_supercid,1
zaducu,2
islmusic,1
piersmorgan,2
Kwadir_w,1
stonebwoyb,1
ShawnMendes,189
al_dinja,1
Sonicfan71,1
djbollombolo,1
iamNaomiCampbell.<3,1
LiviBF,1
Allocab_Paris,1
chidinmaekile,1
icarusaccount,1
owenstarr,1
AdrienLep,1
mgoudeys,1
BoiteWorldMusic,1
djprostyle,1
AlmightyBoob,1
Big_Ohhhhh,2
FashionByJake,1
rockiefresh,1
Brianamichele_,1
RealAleBrewing,1
103JAMZRADIO,1
Voguerista,1
musickingRD,1
DJTWalk,1
AustinGAWS,1
astoldbydidi_,1
RefinedRejects,1
srwc613,1
treyturnerband,1
seatedovation:,1
SFParisRugby,1
GdnChildrensBks,1
infojakarta,1
sueswagger,1
Sauce_Walka102,1
Tyrese,1
frenchinhale305,1
SamoyiaRobinson,1
RnBTrina,1
HabboFuseTv,1
xoxo_Anastasiaa,1
lori_alexis,1
ABRSM,1
Ohhhhrobin,1
Anne_Hidalgo,2
iTunesMusic,2
dBlackAlien:,1
DeJLoaf,1
agoodtoe,1
tousmesdefauts,1
boogied_,1
pqpgabreeu,1
ValenRhodes,1
TheRealZyme,1
Cout_miiit,2
waaterr,1
ikhadejahh,1
TiniStoessel,1
maringuy,1
FastCompany,1
"884GlobalFM,",1
sialater,1
LORIROSELL,1
raisa6690,1
Djholiday,3
HotFreestyle,1
mikejoy500,1
MulaTrap,1
MistaF2DSilva,1
good,1
indrabektiasli,1
mateo9319,1
mcbusted,1
glhour,3
torlor_,1
GymSavage_,1
pandora_radio,1
easton_bullock,1
Innovasian,1
Real_Liam_Payne,3
KeakDaSneak,1
mtvjams,1
MSMEKMHB,1
vitus_music,1
ilove_2pac,1
brikeey,1
LYNNGVNN,1
whoisfancy,1
DRAEMINGS,1
pemkotmalang),1
manversusbean,1
NanyaYah:,1
LawsonAdam,1
LEGDAYHARDCORE,1
007m34,1
renatalimmaa,1
keemsavage300,1
Allee_nicole98,1
DreadHeadFredd,1
iHipsterLee,1
VH1Music,1
_Snowiie,1
marggaboyhaych],1
khochela,1
ExchangeVocal.,1
ScottyMcCreery,1
FaceyGang,1
jbtv.,1
JamesMunguia_,1
tefiinhalyras2,1
NBCTheVoice,5
richardosman,1
lotte_love_jkt),1
BrunoMars,2
ilpaulus,1
WelchBrothers,1
hwmngs,1
americanvoices,1
NYBC,1
mare_bare,1
JayLeno,1
themusicelevatr,1
KidRock,1
AriChiAuthentic,1
jessicuhcook,1
WizardlyWays,1
AshleyAllure_,1
FDR_Musik,1
steffreeman,1
TeamTalkMuzik,1
thatsenuff,1
WeadiaMedia,1
leslieodomjr,1
Eurostar,1
12_yarely,1
PowerSerg23,1
aspenjosephh,1
Iamcashflow,1
RyaaanMulveeey,1
960Sonia,2
Rob_Fenn,1
sennai1,1
Lebtivity,1
Thebestinparis,1
Hozier,1
tyleroakley,1
BrantleyGilbert,2
DJISMATIK,1
buzz_family,1
N_Y_C_Artists,1
TheCrystalGayle,1
BIMMBristol,1
TheRealJuicyJ,1
Fonsi1294,1
ErvTheGoat,1
tdamnrich,1
rozzicrane,1
StocklynBand,1
Fergusonec,1
Murderah_xoxo,1
_briyanaaa,1
EmpireFanClub,1
nananana_hannah,1
thisisheart,2
TheUnusualFact,1
BrianRedBan,1
OFFICIAL_NLG,1
littleco31,1
operagallery,1
ChaseAtlantic,1
NkansahLiWin,1
ericdingus,1
Engmnoir,1
elkay14,1
maureencaught,1
NikaHarper,1
morgangress,1
Kbinge,1
SarahBearah1990,1
eroglumelisa,1
ZacharyMcCoy_,1
OneinaMillion_,1
HZwillenberg,1
jamesvmcmorrow,1
theFreqHorizon,1
nynexttopmodel,1
MikeMinttt,1
WeLDnurses,1
TheHackerati,2
SFLinux,1
CaraDelevingne,1
mrc_live,1
iamstyleh,1
theurbant,1
KingSalomon36,1
asvpmateo,1
__lysses,1
dahSyatMusik,1
chilkathaiku,1
Tyler_Johnson_5,1
JonyBeats,1
iamkevingates,1
Cappadonna,1
ariellenguyen98,1
numaparis.,1
ciphasounds,1
mtvhiphop,1
whoisthesinger,1
KasabianHQ,1
HobartOcean,1
denzelnumba9,1
SELEBRITAPAGI7,2
_____kjc_____,1
Jordan_adamec_,1
iDishner,1
colinclyne,1
DougiePoynter,1
dominicslowie,5
WWEBossSteph,1
IaaSNicolas,2
Holydubs,1
Koochykooh,1
gugun34,1
trevorhallmusic,1
Businessnmusic,1
diy_website,1
iat_music,1
mwhit1999,1
_Mish_N,1
PartyProblemsP,1
_RIOTquality_,1
Marlinsoccer20,1
monsieurrblanc,1
tilley1971,1
NNPCF,1
carrieelkin,1
BJP4India,1
AlissaFox29,1
JackSavoretti,1
casinolawley,1
"gkla),""babies",1
Al_Humphreys,1
infomedan,1
orlandobrewing!,1
"mcflymusic,",1
884GlobalFM,1
MissyElliott,3
iMeyMey_,1
MichaelMusik,1
chantrellrose,1
LawsonOfficial,1
Silverblackband,1
beaubodor,1
keenanharris),1
StaySketchyOG,1
alxanders,1
xtina,1
BenAdamsAuthor,1
portside214,1
SupaDupaAshz,1
NeYoCompound,1
AdamDamnLazzara,1
KayinE4,1
NoelGallagher,1
Kidd_Suavay,1
paul__shevlin,1
IDontNeedAMap82,1
damien_aw,1
FyM_MoTiVe,1
loganmeis,1
rocktor1,1
mlicarione19,1
IamCalvin,1
glocdash9,1
charlieeee_c,1
sammisago,2
ManOnTheSquare,1
SClub7,1
sjkozak92,1
LoveLianeV,1
_karlymorales_,1
"marggaboyhaych]
.",1
DJDocB,1
Ginaschreck,1
HeavykDrumboss,1
Lish_Sings,1
earadiofm,1
wmunews,1
TheCalebBrown,3
ravenb,1
9Gotti,4
dyeaustins,1
gadiiing,1
global101fm),1
bcity215,1
kidrock,1
MarcJacobsIntl,1
ShaneTsunami,1
aimanmohamad,1
Mnclifestyle,1
ciara16xox,1
guyoseary,1
GoatFaceBX,1
_TheRealKiwi,1
aleighaaaa_,1
starsetonline,1
sethlovenfans,1
JTSteinhofel86,1
samekeit,1
MichaelBeck,1
allithun,2
swole_studios,1
CokeExec,1
ADT_LOGIC,1
mattocko,1
michellebranch,1
rydds,1
TheAfricanNerd,1
ethanhawke,1
Gentara_MNCtv,1
fucktyler,1
REALJHONNIBLAZE,1
whitegirlNick,1
stephenmcgeeee,1
DJMILEHIGH,1
HabemusChoir,1
beck,1
drummstafar_i,1
TuFli_CHaser,1
VANNMUSIC,1
RealKurtAngle,1
Jazzfeezy,1
emme_white,1
MeekMill,35
Matt_Volpe,1
PyxeeStyx,1
JakeAlbi,1
PerezHilton,1
Nas,1
HonorableCnote,1
BabyBluLoL,1
gg,1
juanes,1
JoshThePolymath,1
ScandalisTony,1
culturaprofetic,1
CinemaAvenida,1
JustTbo,1
xxblondienxx,1
CopaCavanna,1
Lil_Ball,1
livemixtapes,1
ClarkeeeCom,1
DisneylandDTD,1
galaxyspeaking,1
DeadEndHipHop,1
CyclePronto,1
The_Shift_Radio,2
cort_guitars,1
kitkat_ms,1
ADC_BMJ,1
NotoriousYNG,1
vincente,1
3LAU,1
FeddyBoy,1
HoesLuv_ROXYY,1
JSquidward,1
K_ashtonbutler,1
jess254,1
TeenVogue,1
Oddrhyme,1
LBergreen,1
YoshiVintage,1
ARMIrocks,1
cocoshanelle23,1
SuperDeal_ID,1
caalmesi,1
Caroline_La75,1
CousinMike_,1
turquim5,1
IbeyiOfficial,1
gwenstefani,2
Fredstrobe,1
londonsymphony,4
WillHeardmusic!!,1
aliando26,1
paramorefreak98,1
JSmoove_UpNext,1
DASethWilliams,1
FaizBlink,1
MichaelG521,1
CMchatLIVE,1
rshimota1,1
Lin_Manuel,1
KidCudi,1
Skrillex,2
katreeeeeeena7,1
zeruyaanggraita),2
MontanaMesrine_,1
joshuadun,1
siloamhospitals),1
wsdl,1
ricodidit,1
CrownMarquiss,1
omnipotxnt,1
DJADMAFUVU,4
whxtewhxtemike,1
BadvocateK:,1
LeBHVMarais,1
yokoono,3
RealAleNTX,1
ParisOTC,1
____Biaanca,1
FDR,1
InnerWestFin,1
JalenDotson5,1
KyStateU,1
anjunabeats,1
IGGYAZALEA.,1
imetsmooth58,1
officialR5,2
karina_prater,1
Renatus84,1
ThomasTheeTrain,1
OwehMuhammad24,12
YahooTravel,1
alisa_nicole23,1
PassionWilliam6,1
BobbyBorg,3
FrancoBurgs,1
okcristinaa,1
GlenLewisSA,1
_ericjr,1
iWert,1
Neeecow,1
carlakawamoto,1
DjCellBlock,1
stephanieXO,1
mcflymusic,1
NameBrandNick,1
KhadijahDesiree,1
GI_LosAngeles,2
ACCNUK,1
BrownSkinKSweat,1
TonyaBoydCannon,1
itsmeleighton,1
tyturnerband,1
halo_selebriti,1
_HighDReal,1
m2mmagazine,1
SONNIBALLI,1
harrisbatamctr),1
"2currentmags,",1
infosleman,1
carsonlueders,1
_chadmyster,1
leonbridgesfw,1
MFaroTusino,1
baimkgjaimRTV,1
coleswindell,1
OfficialSoMo,2
ThomstonMusic,1
hannahgreyellis,1
ORIANTHI,1
SlaySquad111,1
DrSYQuraishi,1
yokee__,1
MindshareParis,1
ingenieursece,1
stickerz11,1
ClubTribeka,1
dyejoyce,1
infokepri,1
toastcoyote,1
brandnewrock,1
_HemmoHero,1
flowjamzradio,1
HOT1071,1
AndiDorfman,1
PegidaDK,1
PetitParisUbud,1
grantums,1
JoshDevineDrums,1
ReallyJP_,1
mcuevas214,1
andreaXOTWOD_,1
DulyMisuly2,5
DennyCagur,1
UrbanLink4Real,1
KDIMania_MNCTV,1
850Sunny,1
ZambahMusic,1
JackMatthew,1
MrJulesKnight,1
"theseasonpass,",1
asiageoff,1
amoebamusic,1
Sarahdouey_OM,1
omelly215,1
infosemarang,1
disab_matters,1
rafaelosmo,2
infoLengkap,1
dublab,1
TeemuRautanen!,1
Z1035Toronto.,1
a_popham,1
yhiyie23__,1
econtemp,1
discmakers,1
Lil_Shaker,1
Sarai_Castrejon,1
DaveSavinHoes,1
adelamusic,1
Calum5SOS,1
Diamond_LovesME,1
paris_hiltonn_,2
ChrisCaggs,1
CTLTran,2
BBC,1
Lange_Records,2
DBradbery,2
_LipstickJunkie,1
HipHopGoldenAge,1
James_L_Smith,1
yatesy365,1
SPZRKT,1
MastermindsGrp,1
josh_doody,1
cspre!,1
215musicNet,1
Hot963,1
BoomKing3,1
katyperry,2
AugustAlsina,1
LowKeyUHTN,1
jefflind,1
"ProductHunt.
Well",1
dgains1,1
Plaza_Festival,1
AshleyMarie1114,1
LITO615,1
djAlsultany,1
"TehranC
http://t.co/7IaQDe2I8K
#dzooomdirectory",1
traceyb65,1
zk___,1
Independent,1
biibysampaio,1
_Soul_Alchemist,1
GettingDoug,1
Kvelertak,1
SGCTEENLIBRARY,1
robpursey,1
newyorkeventsco,1
KedgeBS,1
1215thexiahtic,1
RobGronkowski,1
mzveegh),1
TentsnStuff,1
gns_mir,1
totu_iy,1
Ashton5SOS,2
mixmashapp,1
BI_performance,1
isabelaseraffim,1
BigLittleLions,1
zaharaesque,1
Zaskia_Gotix,1
posterchildj1,1
infomusik,1
ADotty931,1
JLMelenchon,1
ISO50,1
"Expedia,",1
t3xis,1
king___jaff,1
IllumiTommy,1
LoriCEXP,1
BrittonGalland's,1
